Rk,Team,G,Pts_G,TotPts,KO,Yds,OOB,KO_Avg,TB,Pct,Ret,KR_Avg,TD,OSK,OSKR,Season
1,Atlanta Falcons,16,22.6,361,78,0,0,0,10,12.8,0,--,0,1,0,1991
1,Buffalo Bills,16,28.6,458,93,0,2,0,28,30.1,0,--,0,0,0,1991
1,Chicago Bears,16,18.7,299,67,0,2,0,6,9,0,--,0,1,0,1991
1,Cincinnati Bengals,16,16.4,263,68,0,1,0,27,39.7,0,--,0,2,0,1991
1,Cleveland Browns,16,18.3,293,67,0,2,0,15,22.4,0,--,0,0,0,1991
1,Dallas Cowboys,16,21.4,342,80,0,5,0,3,3.8,0,--,0,2,0,1991
1,Denver Broncos,16,19,304,75,0,2,0,8,10.7,0,--,0,1,0,1991
1,Detroit Lions,16,21.2,339,71,0,3,0,2,2.8,0,--,0,1,0,1991
1,Green Bay Packers,16,17.1,273,63,0,1,0,15,23.8,0,--,0,1,0,1991
1,Houston Oilers,16,24.1,386,84,0,5,0,15,17.9,0,--,0,1,0,1991
1,Indianapolis Colts,16,8.9,143,46,0,3,0,8,17.4,0,--,0,1,0,1991
1,Kansas City Chiefs,16,20.1,322,75,0,4,0,13,17.3,0,--,0,1,0,1991
1,Los Angeles Raiders,16,18.6,298,74,0,0,0,15,20.3,0,--,0,1,0,1991
1,Los Angeles Rams,16,14.6,234,59,0,5,0,13,22,0,--,0,1,0,1991
1,Miami Dolphins,16,21.4,343,81,0,0,0,12,14.8,0,--,0,2,0,1991
1,Minnesota Vikings,16,18.8,301,70,0,4,0,21,30,0,--,0,2,0,1991
1,New England Patriots,16,13.2,211,58,0,0,0,7,12.1,0,--,0,0,0,1991
1,New Orleans Saints,16,21.3,341,79,0,1,0,43,54.4,0,--,0,0,0,1991
1,New York Giants,16,17.6,281,69,0,1,0,12,17.4,0,--,0,1,0,1991
1,New York Jets,16,19.6,314,74,0,2,0,5,6.8,0,--,0,2,0,1991
1,Philadelphia Eagles,16,17.8,285,74,0,0,0,14,18.9,0,--,0,0,0,1991
1,Phoenix Cardinals,16,12.2,196,56,0,1,0,11,19.6,0,--,0,2,0,1991
1,Pittsburgh Steelers,16,18.2,292,69,0,1,0,25,36.2,0,--,0,0,0,1991
1,San Diego Chargers,16,17.1,274,66,0,2,0,12,18.2,0,--,0,0,0,1991
1,San Francisco 49ers,16,24.6,393,80,0,1,0,13,16.3,0,--,0,0,0,1991
1,Seattle Seahawks,16,17.2,276,70,0,1,0,15,21.4,0,--,0,3,0,1991
1,Tampa Bay Buccaneers,16,12.4,199,53,0,0,0,18,34,0,--,0,2,0,1991
1,Washington Redskins,16,30.3,485,102,0,1,0,34,33.3,0,--,0,1,0,1991
1,Denver Broncos,16,16.4,262,66,"4,414",0,66.9,52,78.8,13,19.5,0,1,1,1992
2,New Orleans Saints,16,20.6,330,81,"5,178",3,63.9,38,46.9,40,23.1,0,0,0,1992
3,Dallas Cowboys,16,25.6,409,88,"5,599",1,63.6,27,30.7,60,20.3,0,0,0,1992
4,San Diego Chargers,16,20.9,335,78,"4,899",1,62.8,23,29.5,54,17.8,0,0,0,1992
5,Minnesota Vikings,16,23.4,374,78,"4,883",2,62.6,26,33.3,50,18.5,0,0,0,1992
6,Miami Dolphins,16,21.2,340,83,"5,165",1,62.2,17,20.5,65,21.2,0,0,0,1992
7,Washington Redskins,16,18.8,300,75,"4,646",0,61.9,21,28,54,19.9,1,0,0,1992
8,Buffalo Bills,16,23.8,381,84,"5,180",0,61.7,24,28.6,60,20.3,1,0,0,1992
8,Cincinnati Bengals,16,17.1,274,66,"4,074",4,61.7,15,22.7,46,23.5,2,1,1,1992
8,San Francisco 49ers,16,26.9,431,87,"5,367",1,61.7,20,23,66,19.3,0,0,0,1992
11,Detroit Lions,16,17.1,273,64,"3,929",5,61.4,14,21.9,45,21.1,0,0,0,1992
12,Pittsburgh Steelers,16,18.7,299,72,"4,410",5,61.3,15,20.8,52,20.2,0,0,0,1992
13,Atlanta Falcons,16,20.4,327,71,"4,278",1,60.3,11,15.5,55,19.3,0,3,1,1992
14,Seattle Seahawks,16,8.8,140,45,"2,709",0,60.2,9,20,36,19,0,0,0,1992
15,Indianapolis Colts,16,13.5,216,54,"3,231",1,59.8,15,27.8,36,17.5,0,1,0,1992
16,Los Angeles Raiders,16,15.6,249,60,"3,576",3,59.6,20,33.3,35,19.7,0,2,0,1992
16,Phoenix Cardinals,16,15.2,243,57,"3,400",2,59.6,12,21.1,42,18.3,0,1,1,1992
18,Philadelphia Eagles,16,22.1,354,74,"4,389",3,59.3,17,23,53,19.4,1,1,0,1992
19,Kansas City Chiefs,16,21.8,348,78,"4,574",1,58.6,12,15.4,64,18.8,0,1,0,1992
19,Los Angeles Rams,16,19.6,313,69,"4,044",2,58.6,11,15.9,55,20.5,0,1,0,1992
21,Cleveland Browns,16,17,272,67,"3,895",0,58.1,14,20.9,51,17.8,0,2,0,1992
21,Houston Oilers,16,22,352,76,"4,418",1,58.1,10,13.2,63,15.7,0,2,0,1992
23,Tampa Bay Buccaneers,16,16.7,267,63,"3,594",8,57,5,7.9,49,25.2,1,1,1,1992
24,New York Giants,16,19.1,306,70,"3,983",0,56.9,5,7.1,64,18.9,0,1,0,1992
25,Green Bay Packers,16,17.2,276,68,"3,822",3,56.2,6,8.8,57,15.8,0,0,0,1992
26,Chicago Bears,16,18.4,295,69,"3,867",5,56,11,15.9,50,20.5,0,3,0,1992
27,New England Patriots,16,12.8,205,52,"2,889",0,55.6,5,9.6,45,16.6,0,2,0,1992
28,New York Jets,16,13.8,220,58,"3,174",4,54.7,12,20.7,33,16.7,0,2,1,1992
1,New York Giants,16,18,288,70,"4,530",1,64.7,39,55.7,29,22.3,0,1,1,1993
2,San Francisco 49ers,16,29.6,473,94,"5,975",2,63.6,31,33,61,19.6,0,0,0,1993
3,Detroit Lions,16,18.6,298,78,"4,934",1,63.3,46,59,30,20.3,0,1,0,1993
4,New Orleans Saints,16,19.8,317,77,"4,863",0,63.2,35,45.5,40,19.7,0,2,0,1993
5,Washington Redskins,16,14.4,230,57,"3,550",0,62.3,20,35.1,36,20.1,0,1,0,1993
6,Houston Oilers,16,23,368,85,"5,283",2,62.2,22,25.9,60,17.7,0,1,1,1993
7,Cincinnati Bengals,16,11.7,187,54,"3,345",0,61.9,16,29.6,38,21.9,0,0,0,1993
7,Pittsburgh Steelers,16,19.2,308,76,"4,703",2,61.9,19,25,54,21.6,1,1,1,1993
9,Phoenix Cardinals,16,20.4,326,72,"4,444",5,61.7,15,20.8,51,19.5,0,1,0,1993
10,Los Angeles Raiders,16,19.1,306,79,"4,843",2,61.3,31,39.2,45,17.4,0,1,1,1993
11,Seattle Seahawks,16,17.5,280,71,"4,336",3,61.1,15,21.1,52,18.6,1,0,0,1993
12,Miami Dolphins,16,21.8,349,78,"4,754",2,60.9,13,16.7,62,20,0,1,0,1993
13,Buffalo Bills,16,20.6,329,75,"4,532",2,60.4,28,37.3,43,19.8,0,1,0,1993
13,Kansas City Chiefs,16,20.5,328,73,"4,409",2,60.4,21,28.8,49,20.6,0,1,0,1993
15,Philadelphia Eagles,16,18.3,293,67,"4,033",2,60.2,11,16.4,53,21.4,0,0,0,1993
16,Denver Broncos,16,23.3,373,85,"5,106",2,60.1,20,23.5,63,17.8,0,0,0,1993
17,San Diego Chargers,16,20.1,322,79,"4,718",3,59.7,12,15.2,64,16.6,0,0,0,1993
18,Los Angeles Rams,16,13.8,221,58,"3,425",0,59.1,10,17.2,47,20.9,0,1,1,1993
19,Cleveland Browns,16,19,304,70,"4,123",0,58.9,21,30,46,17.7,0,3,1,1993
20,New England Patriots,16,14.9,238,62,"3,646",2,58.8,13,21,44,20.9,0,2,1,1993
21,Chicago Bears,16,14.6,234,64,"3,755",1,58.7,9,14.1,53,17.3,0,1,1,1993
22,Minnesota Vikings,16,17.3,277,70,"4,097",2,58.5,9,12.9,58,24.5,1,1,0,1993
23,Dallas Cowboys,16,23.5,376,86,"5,023",3,58.4,13,15.1,66,18.6,1,4,2,1993
24,New York Jets,16,16.9,270,63,"3,665",5,58.2,10,15.9,47,19.4,0,1,0,1993
24,Tampa Bay Buccaneers,16,14.8,237,58,"3,378",0,58.2,25,43.1,28,17.8,0,5,1,1993
26,Atlanta Falcons,16,19.8,316,77,"4,435",2,57.6,9,11.7,55,19.3,0,3,0,1993
27,Green Bay Packers,16,21.2,340,82,"4,675",4,57,7,8.5,70,20.1,0,0,0,1993
28,Indianapolis Colts,16,11.8,189,59,"3,244",3,55,16,27.1,37,14.9,0,3,1,1993
1,Tampa Bay Buccaneers,16,15.7,251,61,"3,948",1,64.7,14,23,44,21.4,0,2,0,1994
2,New York Giants,16,17.4,279,68,"4,367",3,64.2,19,27.9,44,21,0,2,1,1994
3,Detroit Lions,16,22.3,357,76,"4,818",0,63.4,10,13.2,65,24.2,1,1,1,1994
4,Kansas City Chiefs,16,19.9,319,75,"4,715",3,62.9,5,6.7,66,21.9,0,0,0,1994
5,New England Patriots,16,21.9,351,80,"5,004",1,62.6,13,16.3,63,21.8,1,3,1,1994
6,Denver Broncos,16,21.7,347,81,"5,053",2,62.4,7,8.6,70,19.9,0,2,0,1994
7,New Orleans Saints,16,21.8,348,82,"5,087",0,62,14,17.1,63,23.7,0,5,1,1994
8,Cleveland Browns,16,21.2,340,78,"4,831",1,61.9,5,6.4,71,19.3,0,1,1,1994
9,Washington Redskins,16,20,320,72,"4,444",3,61.7,5,6.9,62,22.4,1,2,1,1994
10,Indianapolis Colts,16,19.2,307,70,"4,314",0,61.6,4,5.7,65,20.2,0,1,0,1994
11,San Francisco 49ers,16,31.6,505,97,"5,965",2,61.5,6,6.2,89,21.5,0,0,0,1994
12,Los Angeles Raiders,16,18.9,303,73,"4,470",3,61.2,4,5.5,65,21.6,0,1,0,1994
12,San Diego Chargers,16,23.8,381,87,"5,323",0,61.2,6,6.9,79,22,1,2,1,1994
14,Cincinnati Bengals,16,17.2,276,68,"4,123",1,60.6,6,8.8,61,23.1,2,1,0,1994
15,Atlanta Falcons,16,19.8,317,72,"4,353",4,60.5,1,1.4,66,20.1,0,1,0,1994
16,Miami Dolphins,16,24.3,389,83,"5,011",1,60.4,7,8.4,74,20.9,2,1,0,1994
17,Seattle Seahawks,16,17.9,287,69,"4,148",1,60.1,3,4.3,61,20.1,0,5,0,1994
18,Arizona Cardinals,16,14.7,235,64,"3,831",4,59.9,4,6.3,53,22.9,1,2,1,1994
19,Dallas Cowboys,16,25.9,414,86,"5,145",1,59.8,2,2.3,82,20.8,0,1,0,1994
20,Pittsburgh Steelers,16,19.8,316,71,"4,210",1,59.3,1,1.4,68,22.5,2,1,0,1994
21,Buffalo Bills,16,21.2,340,77,"4,534",1,58.9,3,3.9,72,20.2,0,1,0,1994
21,Minnesota Vikings,16,22.2,356,86,"5,068",2,58.9,1,1.2,83,22.2,1,0,0,1994
23,Los Angeles Rams,16,17.9,286,67,"3,936",1,58.7,1,1.5,63,23,2,2,0,1994
24,Philadelphia Eagles,16,19.2,308,71,"4,045",2,57,3,4.2,64,22.3,0,2,1,1994
25,New York Jets,16,16.5,264,63,"3,581",1,56.8,0,0,61,19.6,0,1,0,1994
26,Chicago Bears,16,16.9,271,67,"3,786",0,56.5,0,0,65,19.6,1,4,1,1994
27,Green Bay Packers,16,23.9,382,84,"4,535",3,54,1,1.2,75,18.4,1,4,1,1994
28,Houston Oilers,16,14.1,226,56,"2,965",0,52.9,1,1.8,48,17.3,0,6,3,1994
1,Atlanta Falcons,16,22.6,362,87,"5,952",1,68.4,27,31,59,22.4,0,0,0,1995
2,Detroit Lions,16,27.2,436,93,"6,221",0,66.9,13,14,80,22.9,0,0,0,1995
3,San Diego Chargers,16,20.1,321,74,"4,809",2,65,9,12.2,63,23.7,0,0,0,1995
4,Tampa Bay Buccaneers,16,14.9,238,58,"3,728",3,64.3,8,13.8,46,18.6,0,1,0,1995
5,New York Giants,16,18.1,290,69,"4,427",1,64.2,13,18.8,54,20.9,0,1,0,1995
6,Indianapolis Colts,16,20.7,331,76,"4,856",0,63.9,8,10.5,68,22.7,1,0,0,1995
6,New York Jets,16,14.6,233,58,"3,704",1,63.9,14,24.1,42,23.5,0,1,0,1995
8,Green Bay Packers,16,25.2,404,86,"5,479",1,63.7,10,11.6,74,21.4,0,1,0,1995
9,Seattle Seahawks,16,22.7,363,80,"5,076",1,63.5,8,10,70,23.8,2,1,0,1995
10,San Francisco 49ers,16,28.6,457,93,"5,896",2,63.4,9,9.7,82,22.6,0,0,0,1995
11,Cleveland Browns,16,18.1,289,71,"4,449",1,62.7,7,9.9,63,18.6,0,0,0,1995
12,Buffalo Bills,16,21.9,350,85,"5,313",1,62.5,9,10.6,73,22.1,0,1,0,1995
13,Chicago Bears,16,24.5,392,85,"5,276",6,62.1,7,8.2,72,21.8,0,0,0,1995
14,Dallas Cowboys,16,27.2,435,92,"5,692",1,61.9,4,4.3,85,19.5,0,2,0,1995
15,Minnesota Vikings,16,25.8,412,85,"5,254",1,61.8,8,9.4,74,21.4,0,2,0,1995
15,Philadelphia Eagles,16,19.9,318,73,"4,511",2,61.8,10,13.7,61,25.8,0,0,0,1995
17,Miami Dolphins,16,24.9,398,90,"5,549",1,61.7,3,3.3,85,21,0,1,0,1995
18,Denver Broncos,16,24.2,388,87,"5,338",1,61.4,8,9.2,77,21.7,2,2,0,1995
18,Kansas City Chiefs,16,22.4,358,79,"4,853",1,61.4,6,7.6,71,20.4,0,1,0,1995
20,Cincinnati Bengals,16,21.8,349,81,"4,958",4,61.2,9,11.1,65,22.7,0,3,1,1995
21,New England Patriots,16,18.4,294,70,"4,183",1,59.8,1,1.4,67,21,0,1,0,1995
22,Oakland Raiders,16,21.8,348,80,"4,768",3,59.6,7,8.8,68,21.6,0,2,1,1995
22,Washington Redskins,16,20.4,326,77,"4,590",4,59.6,2,2.6,70,20.5,1,1,0,1995
24,Arizona Cardinals,16,17.2,275,70,"4,168",0,59.5,1,1.4,65,24.5,2,4,0,1995
25,New Orleans Saints,16,19.9,319,73,"4,323",0,59.2,2,2.7,68,19.8,0,3,0,1995
26,Pittsburgh Steelers,16,25.4,407,93,"5,411",2,58.2,3,3.2,88,17.5,0,0,0,1995
27,St. Louis Rams,16,19.3,309,69,"3,962",4,57.4,2,2.9,59,21.1,0,3,1,1995
28,Carolina Panthers,16,18.1,289,71,"4,015",2,56.5,3,4.2,62,18.7,0,4,0,1995
29,Houston Oilers,16,21.8,348,83,"4,616",1,55.6,0,0,78,18.8,0,5,1,1995
30,Jacksonville Jaguars,16,17.2,275,66,"3,615",0,54.8,3,4.5,54,23.7,1,9,4,1995
1,Minnesota Vikings,16,18.6,298,72,"4,898",2,68,17,23.6,53,24.8,0,1,0,1996
2,San Diego Chargers,16,19.4,310,75,"5,094",1,67.9,15,20,59,25.4,0,0,0,1996
3,Indianapolis Colts,16,19.8,317,82,"5,540",0,67.6,14,17.1,67,24.9,0,1,0,1996
4,New York Giants,16,15.1,242,65,"4,339",2,66.8,20,30.8,42,22.6,0,1,0,1996
5,Tampa Bay Buccaneers,16,13.8,221,59,"3,921",0,66.5,8,13.6,51,19.1,0,0,0,1996
6,Detroit Lions,16,18.9,302,67,"4,416",1,65.9,12,17.9,52,25,0,3,1,1996
7,Atlanta Falcons,16,19.3,309,73,"4,794",1,65.7,16,21.9,53,24.8,1,3,1,1996
7,Denver Broncos,16,24.4,391,84,"5,518",0,65.7,8,9.5,76,21.1,1,0,0,1996
7,Miami Dolphins,16,21.2,339,73,"4,799",2,65.7,20,27.4,48,22,0,3,1,1996
10,New York Jets,16,17.4,279,67,"4,356",0,65,9,13.4,58,25.6,1,0,0,1996
11,Carolina Panthers,16,22.9,367,88,"5,698",3,64.8,12,13.6,71,20.1,0,2,0,1996
12,Green Bay Packers,16,28.5,456,91,"5,861",3,64.4,9,9.9,76,21.7,0,2,0,1996
13,Oakland Raiders,16,21.2,340,79,"5,053",1,64,19,24.1,55,20.5,0,2,1,1996
14,New England Patriots,16,26.1,418,90,"5,749",0,63.9,9,10,81,20.8,0,0,0,1996
14,Seattle Seahawks,16,19.8,317,77,"4,922",1,63.9,2,2.6,72,22.8,0,2,1,1996
16,Jacksonville Jaguars,16,20.3,325,76,"4,781",2,62.9,2,2.6,71,23.6,0,1,1,1996
16,New Orleans Saints,16,14.3,229,61,"3,837",1,62.9,6,9.8,52,22.2,0,2,0,1996
16,Pittsburgh Steelers,16,21.5,344,79,"4,973",2,62.9,7,8.9,69,21.9,1,1,1,1996
19,St. Louis Rams,16,18.9,303,73,"4,583",3,62.8,10,13.7,58,22.2,2,2,1,1996
20,San Francisco 49ers,16,24.9,398,87,"5,444",1,62.6,9,10.3,77,18.4,0,0,0,1996
21,Cincinnati Bengals,16,23.2,372,80,"4,972",3,62.2,7,8.8,69,23.8,1,1,0,1996
22,Buffalo Bills,16,19.9,319,74,"4,580",0,61.9,6,8.1,65,19.3,0,3,2,1996
23,Dallas Cowboys,16,17.9,286,74,"4,565",1,61.7,2,2.7,70,20.4,0,1,0,1996
23,Houston Oilers,16,21.6,345,82,"5,058",0,61.7,2,2.4,78,21.5,0,2,0,1996
23,Washington Redskins,16,22.8,364,82,"5,063",2,61.7,3,3.7,76,21.2,0,1,0,1996
26,Baltimore Ravens,16,23.2,371,80,"4,879",2,61,6,7.5,70,20,0,2,1,1996
27,Chicago Bears,16,17.7,283,70,"4,237",3,60.5,11,15.7,52,21.4,1,4,1,1996
28,Arizona Cardinals,16,18.8,300,69,"4,147",1,60.1,3,4.3,61,21.1,1,4,1,1996
29,Philadelphia Eagles,16,22.7,363,83,"4,982",3,60,4,4.8,73,23.5,0,3,1,1996
30,Kansas City Chiefs,16,18.6,297,68,"4,027",1,59.2,1,1.5,64,20.3,0,3,1,1996
1,Tampa Bay Buccaneers,16,18.7,299,68,"4,632",0,68.1,24,35.3,44,21.8,1,0,0,1997
2,Oakland Raiders,16,20.2,324,68,"4,605",1,67.7,19,27.9,48,23.4,0,0,0,1997
3,New York Giants,16,19.2,307,72,"4,859",0,67.5,23,31.9,49,23.7,1,0,0,1997
4,St. Louis Rams,16,18.7,299,73,"4,890",1,67,17,23.3,54,23.4,1,1,0,1997
5,New York Jets,16,21.8,348,85,"5,663",0,66.6,29,34.1,54,21,0,2,0,1997
6,Detroit Lions,16,23.7,379,84,"5,563",0,66.2,21,25,61,20.8,0,2,0,1997
7,Denver Broncos,16,29.5,472,98,"6,444",0,65.8,9,9.2,89,20.5,0,0,0,1997
8,Green Bay Packers,16,26.4,422,89,"5,846",0,65.7,11,12.4,78,20.5,0,0,0,1997
9,Atlanta Falcons,16,20,320,74,"4,804",1,64.9,17,23,52,22.4,0,4,2,1997
10,Arizona Cardinals,16,17.7,283,65,"4,210",2,64.8,19,29.2,42,22.5,1,3,1,1997
10,Dallas Cowboys,16,19,304,78,"5,051",0,64.8,12,15.4,65,18,0,1,1,1997
12,Baltimore Ravens,16,20.4,326,76,"4,917",1,64.7,15,19.7,58,22.8,1,2,0,1997
13,New Orleans Saints,16,14.8,237,62,"3,992",2,64.4,8,12.9,51,22.3,0,1,0,1997
14,Miami Dolphins,16,21.2,339,78,"4,968",1,63.7,21,26.9,53,19.2,0,4,2,1997
15,Carolina Panthers,16,16.6,265,65,"4,106",1,63.2,7,10.8,55,23.2,1,2,0,1997
16,Minnesota Vikings,16,22.1,354,76,"4,782",1,62.9,6,7.9,67,20.9,0,2,0,1997
16,Seattle Seahawks,16,22.8,365,82,"5,155",3,62.9,2,2.4,77,23.1,1,0,0,1997
18,Jacksonville Jaguars,16,24.6,394,88,"5,492",0,62.4,10,11.4,77,22.5,0,2,0,1997
18,New England Patriots,16,23.1,369,81,"5,057",0,62.4,4,4.9,75,22,1,2,0,1997
20,Indianapolis Colts,16,19.6,313,78,"4,850",1,62.2,8,10.3,64,24.1,1,6,3,1997
21,Washington Redskins,16,20.4,327,71,"4,393",2,61.9,2,2.8,67,22.6,0,0,0,1997
22,San Francisco 49ers,16,23.4,375,85,"5,243",1,61.7,2,2.4,82,21.3,0,0,0,1997
23,San Diego Chargers,16,16.6,266,69,"4,244",1,61.5,3,4.3,63,24.1,1,2,1,1997
24,Kansas City Chiefs,16,23.4,375,83,"5,094",0,61.4,3,3.6,80,20.9,0,0,0,1997
25,Pittsburgh Steelers,16,23.2,372,81,"4,951",1,61.1,4,4.9,74,21,1,2,1,1997
26,Tennessee Oilers,16,20.8,333,78,"4,720",1,60.5,4,5.1,71,21.5,0,2,1,1997
27,Buffalo Bills,16,15.9,255,63,"3,803",1,60.4,5,7.9,55,25.2,3,3,0,1997
28,Chicago Bears,16,16.4,263,65,"3,890",4,59.8,7,10.8,52,23.8,0,6,0,1997
29,Philadelphia Eagles,16,19.8,317,73,"4,244",1,58.1,2,2.7,66,23.5,0,5,0,1997
30,Cincinnati Bengals,16,22.2,355,74,"4,268",3,57.7,2,2.7,67,21,0,2,0,1997
1,Minnesota Vikings,16,34.8,556,114,"7,966",1,69.9,40,35.1,73,27.5,4,0,0,1998
2,Detroit Lions,16,19.1,306,76,"5,250",2,69.1,24,31.6,49,24.4,1,1,0,1998
3,Atlanta Falcons,16,27.6,442,91,"6,200",0,68.1,20,22,69,23.4,1,1,1,1998
4,New York Jets,16,26,416,84,"5,692",0,67.8,24,28.6,60,22.8,0,0,0,1998
5,Tennessee Oilers,16,20.6,330,85,"5,672",0,66.7,29,34.1,55,20.3,0,1,0,1998
6,St. Louis Rams,16,17.8,285,69,"4,580",1,66.4,18,26.1,47,21.7,0,3,1,1998
7,San Francisco 49ers,16,29.9,479,95,"6,272",0,66,27,28.4,67,19.3,0,1,0,1998
8,Arizona Cardinals,16,20.3,325,72,"4,733",3,65.7,13,18.1,56,21.4,0,1,0,1998
8,Tampa Bay Buccaneers,16,19.6,314,72,"4,733",0,65.7,8,11.1,62,21.5,1,2,0,1998
10,Dallas Cowboys,16,23.8,381,87,"5,699",0,65.5,17,19.5,69,18.5,0,1,0,1998
11,San Diego Chargers,16,15.1,241,64,"4,185",0,65.4,10,15.6,54,27.5,1,1,0,1998
12,Denver Broncos,16,31.3,501,101,"6,554",1,64.9,11,10.9,89,22.5,0,0,0,1998
13,Jacksonville Jaguars,16,24.5,392,82,"5,316",1,64.8,5,6.1,76,24.4,1,0,0,1998
14,Cincinnati Bengals,16,16.8,268,63,"4,046",2,64.2,13,20.6,46,26.1,0,3,0,1998
14,Indianapolis Colts,16,19.4,310,74,"4,753",0,64.2,7,9.5,65,26,1,3,0,1998
16,Miami Dolphins,16,20.1,321,72,"4,617",0,64.1,13,18.1,56,21.9,1,3,2,1998
17,New York Giants,16,17.9,287,68,"4,350",1,64,15,22.1,51,24.2,0,1,0,1998
17,Seattle Seahawks,16,23.2,372,79,"5,058",1,64,9,11.4,68,19.3,0,1,0,1998
19,Buffalo Bills,16,25,400,91,"5,786",2,63.6,12,13.2,77,21.3,0,0,0,1998
19,New Orleans Saints,16,19.1,305,66,"4,199",1,63.6,11,16.7,52,21.7,0,4,2,1998
21,New England Patriots,16,21.1,337,79,"4,937",0,62.5,6,7.6,71,18.8,0,2,0,1998
22,Carolina Panthers,16,21,336,77,"4,801",3,62.4,5,6.5,65,22.1,1,3,1,1998
23,Green Bay Packers,16,25.5,408,88,"5,440",2,61.8,7,8,74,24.4,2,5,3,1998
24,Kansas City Chiefs,16,20.4,327,78,"4,811",0,61.7,8,10.3,69,19.9,0,2,0,1998
25,Baltimore Ravens,16,16.8,269,65,"4,004",2,61.6,5,7.7,57,20.5,2,1,0,1998
26,Philadelphia Eagles,16,10.1,161,48,"2,945",2,61.4,5,10.4,40,19.1,0,1,0,1998
27,Washington Redskins,16,19.9,319,70,"4,290",1,61.3,5,7.1,61,25.7,2,4,2,1998
28,Chicago Bears,16,17.2,276,65,"3,953",2,60.8,4,6.2,55,19.9,0,3,2,1998
29,Oakland Raiders,16,18,288,69,"4,141",1,60,4,5.8,60,23.1,0,3,0,1998
30,Pittsburgh Steelers,16,16.4,263,68,"3,964",0,58.3,1,1.5,64,18.9,0,3,2,1998
1,Jacksonville Jaguars,16,24.8,396,86,"5,745",0,66.8,22,25.6,64,23,0,0,0,1999
1,Minnesota Vikings,16,24.9,399,83,"5,545",0,66.8,13,15.7,69,20.6,0,1,0,1999
3,New York Jets,16,19.2,308,77,"5,079",1,66,12,15.6,63,25.2,0,1,0,1999
4,St. Louis Rams,16,32.9,526,101,"6,631",1,65.7,13,12.9,85,24.9,0,2,1,1999
5,Dallas Cowboys,16,22,352,75,"4,908",0,65.4,12,16,62,20.3,0,1,1,1999
6,Atlanta Falcons,16,17.8,285,64,"4,110",0,64.2,7,10.9,55,22.2,2,2,0,1999
6,Detroit Lions,16,20.1,322,79,"5,075",1,64.2,15,19,60,20.7,1,3,0,1999
8,Oakland Raiders,16,24.4,390,87,"5,558",2,63.9,8,9.2,77,21.1,0,0,0,1999
9,Philadelphia Eagles,16,17,272,67,"4,253",1,63.5,8,11.9,57,22.9,0,1,1,1999
10,Indianapolis Colts,16,26.4,423,95,"5,991",3,63.1,9,9.5,83,22,0,0,0,1999
11,San Diego Chargers,16,16.8,269,70,"4,407",0,63,2,2.9,67,23.1,0,1,0,1999
12,Miami Dolphins,16,20.4,326,84,"5,284",1,62.9,20,23.8,58,22.1,1,5,1,1999
13,New England Patriots,16,18.7,299,73,"4,532",2,62.1,5,6.8,64,22.5,0,2,0,1999
14,Denver Broncos,16,19.6,314,74,"4,588",0,62,3,4.1,70,20.8,0,1,0,1999
15,Green Bay Packers,16,22.3,357,80,"4,955",2,61.9,5,6.3,72,21.7,0,1,1,1999
15,Washington Redskins,16,27.7,443,90,"5,570",3,61.9,7,7.8,77,23,1,3,2,1999
17,San Francisco 49ers,16,18.4,295,72,"4,443",5,61.7,17,23.6,47,23.3,1,2,0,1999
18,Tampa Bay Buccaneers,16,16.9,270,70,"4,308",1,61.5,8,11.4,61,17.6,0,0,0,1999
19,Buffalo Bills,16,20,320,74,"4,537",0,61.3,5,6.8,68,22.1,0,1,1,1999
19,Tennessee Titans,16,24.5,392,84,"5,150",2,61.3,4,4.8,76,21,2,1,0,1999
21,Baltimore Ravens,16,20.2,324,76,"4,646",2,61.1,3,3.9,70,21.1,0,1,0,1999
22,Carolina Panthers,16,26.3,421,89,"5,419",3,60.9,9,10.1,76,18.8,0,1,0,1999
23,Seattle Seahawks,16,21.1,338,85,"5,162",2,60.7,1,1.2,81,18.5,0,1,1,1999
24,New Orleans Saints,16,16.2,260,67,"4,028",1,60.1,4,6,60,24.6,1,3,0,1999
25,Arizona Cardinals,16,15.3,245,61,"3,645",0,59.8,2,3.3,59,20.7,2,1,0,1999
26,Kansas City Chiefs,16,24.4,390,83,"4,761",3,57.4,2,2.4,78,19.8,1,0,0,1999
27,New York Giants,16,18.7,299,71,"4,059",3,57.2,12,16.9,53,21.7,1,5,0,1999
28,Chicago Bears,16,17,272,66,"3,726",1,56.5,5,7.6,57,16.6,0,5,2,1999
29,Pittsburgh Steelers,16,19.8,317,78,"4,376",2,56.1,3,3.8,67,18,0,6,2,1999
30,Cleveland Browns,16,13.6,217,51,"2,747",2,53.9,3,5.9,42,18.2,0,4,1,1999
31,Cincinnati Bengals,16,17.7,283,66,"3,530",4,53.5,2,3,57,18.7,0,3,0,1999
1,Atlanta Falcons,16,15.8,252,64,"4,171",0,65.2,12,18.8,50,24.6,3,2,1,2000
2,Detroit Lions,16,19.2,307,73,"4,737",1,64.9,10,13.7,59,22.5,0,4,1,2000
3,Tampa Bay Buccaneers,16,24.2,388,87,"5,633",0,64.7,11,12.6,74,22.8,0,2,0,2000
4,Oakland Raiders,16,29.9,479,96,"6,189",1,64.5,15,15.6,80,21.1,0,0,0,2000
5,Indianapolis Colts,16,26.8,429,89,"5,729",0,64.4,14,15.7,73,23.8,1,2,1,2000
6,New York Jets,16,20.1,321,73,"4,680",2,64.1,9,12.3,62,23,0,0,0,2000
7,Denver Broncos,16,30.3,485,99,"6,319",0,63.8,8,8.1,90,21.5,1,1,0,2000
7,New Orleans Saints,16,22.1,354,77,"4,909",1,63.8,3,3.9,71,24.5,2,2,1,2000
9,Minnesota Vikings,16,24.8,397,82,"5,221",2,63.7,11,13.4,69,22,1,1,0,2000
10,New England Patriots,16,17.2,276,69,"4,352",0,63.1,7,10.1,62,21.8,1,0,0,2000
11,Kansas City Chiefs,16,22.2,355,78,"4,883",1,62.6,6,7.7,70,24,0,2,0,2000
11,San Francisco 49ers,16,24.2,388,81,"5,071",2,62.6,13,16,63,21.6,0,3,0,2000
11,St. Louis Rams,16,33.8,540,106,"6,635",3,62.6,16,15.1,87,23.4,1,0,0,2000
14,Washington Redskins,16,17.6,281,66,"4,126",0,62.5,4,6.1,60,25.5,1,2,1,2000
15,Dallas Cowboys,16,18.4,294,70,"4,369",1,62.4,10,14.3,56,21.5,0,4,2,2000
16,Baltimore Ravens,16,20.8,333,82,"5,077",1,61.9,7,8.5,73,21.3,0,0,0,2000
17,San Diego Chargers,16,16.8,269,65,"4,000",2,61.5,2,3.1,61,24.1,1,0,0,2000
18,Green Bay Packers,16,22.1,353,83,"5,088",1,61.3,5,6,76,21.6,0,2,0,2000
19,Seattle Seahawks,16,20,320,71,"4,347",1,61.2,4,5.6,64,19.3,0,2,1,2000
20,Tennessee Titans,16,21.6,346,78,"4,764",0,61.1,1,1.3,76,20.9,0,0,0,2000
21,Philadelphia Eagles,16,21.9,351,80,"4,874",2,60.9,4,5,72,21.1,0,4,2,2000
22,Cleveland Browns,16,10.1,161,49,"2,966",0,60.5,6,12.2,42,24.1,0,1,0,2000
23,Miami Dolphins,16,20.2,323,77,"4,644",0,60.3,7,9.1,68,18.5,0,3,1,2000
24,Chicago Bears,16,13.5,216,58,"3,472",1,59.9,4,6.9,51,21.7,0,2,1,2000
25,Cincinnati Bengals,16,11.6,185,48,"2,867",0,59.7,4,8.3,42,21.4,0,2,0,2000
26,Carolina Panthers,16,19.4,310,79,"4,696",5,59.4,8,10.1,64,17.5,0,2,0,2000
26,New York Giants,16,20.5,328,73,"4,335",1,59.4,4,5.5,67,22.5,0,2,0,2000
28,Jacksonville Jaguars,16,22.9,367,84,"4,922",3,58.6,5,6,73,20.9,1,4,0,2000
29,Pittsburgh Steelers,16,20.1,321,77,"4,431",2,57.5,4,5.2,69,21.7,0,2,1,2000
30,Buffalo Bills,16,19.7,315,75,"4,036",2,53.8,1,1.3,70,21.8,2,2,0,2000
31,Arizona Cardinals,16,13.1,210,55,"2,923",2,53.1,2,3.6,46,18,0,6,2,2000
1,San Diego Chargers,16,20.8,332,82,"5,432",0,66.2,18,22,64,26.1,0,0,0,2001
2,St. Louis Rams,16,31.4,503,98,"6,320",1,64.5,10,10.2,86,25.5,2,1,1,2001
3,Detroit Lions,16,16.9,270,67,"4,278",1,63.9,11,16.4,53,21.6,0,2,0,2001
4,New York Jets,16,19.2,308,75,"4,738",2,63.2,9,12,63,21.5,0,2,0,2001
4,Oakland Raiders,16,24.9,399,88,"5,562",1,63.2,12,13.6,75,22.1,1,0,0,2001
6,Denver Broncos,16,21.2,340,82,"5,165",1,63,10,12.2,69,22.1,1,2,0,2001
7,Carolina Panthers,16,15.8,253,66,"4,151",0,62.9,4,6.1,60,22.3,0,2,0,2001
8,Miami Dolphins,16,21.5,344,73,"4,579",1,62.7,12,16.4,59,20.2,0,1,0,2001
9,Tennessee Titans,16,21,336,72,"4,503",2,62.5,12,16.7,57,24.9,0,1,1,2001
10,Philadelphia Eagles,16,21.4,343,79,"4,927",3,62.4,7,8.9,67,21.3,0,2,1,2001
11,Minnesota Vikings,16,18.1,290,65,"4,036",2,62.1,4,6.2,59,21.5,1,0,0,2001
11,Tampa Bay Buccaneers,16,20.2,324,77,"4,779",2,62.1,10,13,63,21,0,1,0,2001
13,Atlanta Falcons,16,18.2,291,75,"4,648",2,62,7,9.3,64,20.1,0,3,2,2001
13,Seattle Seahawks,16,18.8,301,68,"4,216",0,62,4,5.9,64,19.9,1,0,0,2001
15,Indianapolis Colts,16,25.8,413,88,"5,361",1,60.9,0,0,87,23.1,0,0,0,2001
15,New England Patriots,16,23.2,371,82,"4,992",0,60.9,6,7.3,75,22.1,0,0,0,2001
17,Chicago Bears,16,21.1,338,73,"4,419",2,60.5,4,5.5,66,20.5,0,1,1,2001
17,Jacksonville Jaguars,16,18.4,294,67,"4,056",1,60.5,1,1.5,64,19.8,0,1,0,2001
19,Washington Redskins,16,16,256,64,"3,863",2,60.4,7,10.9,54,17.5,0,1,0,2001
20,Pittsburgh Steelers,16,22,352,85,"5,113",2,60.2,9,10.6,73,21.4,1,1,1,2001
21,Baltimore Ravens,16,18.9,303,74,"4,438",1,60,7,9.5,64,21.8,0,3,1,2001
22,Kansas City Chiefs,16,20,320,74,"4,436",1,59.9,7,9.5,65,22.7,1,2,0,2001
23,Cincinnati Bengals,16,14.1,226,58,"3,469",1,59.8,8,13.8,46,25.2,1,2,2,2001
23,New York Giants,16,18.4,294,71,"4,246",2,59.8,2,2.8,66,24.1,0,1,0,2001
25,Green Bay Packers,16,24.4,390,82,"4,878",2,59.5,4,4.9,76,20,0,1,0,2001
26,San Francisco 49ers,16,25.6,409,79,"4,686",2,59.3,7,8.9,68,20.7,0,2,0,2001
27,New Orleans Saints,16,20.8,333,78,"4,609",1,59.1,5,6.4,66,22.3,0,6,2,2001
28,Dallas Cowboys,16,15.4,246,64,"3,760",1,58.8,4,6.3,54,21.6,0,6,1,2001
29,Arizona Cardinals,16,18.4,295,68,"3,920",4,57.6,8,11.8,53,18.2,1,3,0,2001
30,Cleveland Browns,16,17.8,285,71,"4,068",1,57.3,2,2.8,65,18.7,0,2,0,2001
31,Buffalo Bills,16,16.6,265,63,"3,364",2,53.4,2,3.2,52,19,0,7,1,2001
1,Oakland Raiders,16,28.1,450,97,"6,460",1,66.6,22,22.7,74,24.7,1,0,0,2002
2,New Orleans Saints,16,27,432,95,"6,196",1,65.2,8,8.4,85,21.4,0,1,0,2002
3,Detroit Lions,16,19.1,306,74,"4,775",0,64.5,5,6.8,68,22.9,0,1,0,2002
3,Tampa Bay Buccaneers,16,21.6,346,81,"5,224",2,64.5,6,7.4,72,21.8,0,1,0,2002
5,Atlanta Falcons,16,25.1,402,92,"5,905",2,64.2,16,17.4,73,22,0,1,1,2002
6,Tennessee Titans,16,22.9,367,84,"5,375",0,64,9,10.7,74,20,0,1,1,2002
7,Miami Dolphins,16,23.6,378,84,"5,365",2,63.9,12,14.3,69,22.3,0,1,1,2002
8,Denver Broncos,16,24.5,392,86,"5,453",1,63.4,4,4.7,81,22,0,0,0,2002
9,New York Jets,16,22.4,359,79,"4,926",0,62.4,5,6.3,74,21.3,1,0,0,2002
9,San Diego Chargers,16,20.8,333,74,"4,617",3,62.4,16,21.6,53,20,0,1,0,2002
11,Dallas Cowboys,16,13.6,217,55,"3,429",0,62.3,5,9.1,48,22.8,0,2,1,2002
12,Philadelphia Eagles,16,25.9,415,89,"5,530",2,62.1,10,11.2,76,21.5,1,2,1,2002
13,Washington Redskins,16,19.2,307,67,"4,152",0,62,5,7.5,62,22.5,1,0,0,2002
14,St. Louis Rams,16,19.8,316,71,"4,390",2,61.8,9,12.7,57,23.8,2,3,2,2002
15,Carolina Panthers,16,16.1,258,61,"3,759",4,61.6,7,11.5,50,18.5,0,0,0,2002
16,San Francisco 49ers,16,22.9,367,82,"5,017",2,61.2,6,7.3,73,22.8,1,1,0,2002
17,Green Bay Packers,16,24.9,398,85,"5,187",0,61,2,2.4,83,21.7,0,1,0,2002
18,Houston Texans,16,13.3,213,57,"3,455",1,60.6,2,3.5,52,22.2,1,2,0,2002
19,New England Patriots,16,23.8,381,83,"5,010",3,60.4,6,7.2,73,20.5,0,1,0,2002
19,New York Giants,16,20,320,77,"4,648",1,60.4,2,2.6,74,22.4,0,0,0,2002
21,Minnesota Vikings,16,24.4,390,85,"5,122",1,60.3,5,5.9,76,23,2,4,1,2002
22,Kansas City Chiefs,16,29.2,467,96,"5,775",0,60.2,7,7.3,88,21.4,0,1,0,2002
23,Chicago Bears,16,17.6,281,68,"4,088",2,60.1,2,2.9,61,22.3,0,3,0,2002
24,Arizona Cardinals,16,16.4,262,61,"3,648",3,59.8,0,0,58,24.3,0,0,0,2002
24,Baltimore Ravens,16,19.8,316,73,"4,362",1,59.8,4,5.5,67,22.6,1,1,0,2002
26,Cleveland Browns,16,21.5,344,77,"4,597",1,59.7,7,9.1,67,20.4,0,1,1,2002
27,Indianapolis Colts,16,21.8,349,77,"4,545",1,59,1,1.3,74,20.5,0,1,0,2002
28,Buffalo Bills,16,23.7,379,84,"4,932",4,58.7,2,2.4,76,21.5,2,2,1,2002
29,Seattle Seahawks,16,22.2,355,79,"4,582",2,58,0,0,73,21.8,2,4,1,2002
30,Pittsburgh Steelers,16,24.4,390,84,"4,758",2,56.6,2,2.4,78,21.4,1,3,0,2002
31,Jacksonville Jaguars,16,20.5,328,71,"3,968",1,55.9,7,9.9,59,19.5,0,4,0,2002
32,Cincinnati Bengals,16,17.4,279,65,"3,562",0,54.8,3,4.6,57,20.9,1,3,1,2002
1,Miami Dolphins,16,19.4,311,74,"4,829",2,65.3,24,32.4,47,21.5,0,2,0,2003
2,St. Louis Rams,16,27.9,447,97,"6,316",1,65.1,12,12.4,83,23.9,2,1,1,2003
3,Denver Broncos,16,23.8,381,86,"5,583",0,64.9,13,15.1,73,23,0,0,0,2003
4,Detroit Lions,16,16.9,270,66,"4,240",1,64.2,10,15.2,53,24.8,1,2,0,2003
5,Baltimore Ravens,16,24.4,391,88,"5,598",2,63.6,15,17,70,21.4,1,2,0,2003
5,Houston Texans,16,15.9,255,62,"3,946",0,63.6,8,12.9,53,21.7,0,1,0,2003
7,Philadelphia Eagles,16,23.4,374,83,"5,251",1,63.3,8,9.6,74,21.5,1,1,0,2003
8,Dallas Cowboys,16,18.1,289,68,"4,275",0,62.9,2,2.9,66,21.9,0,0,0,2003
8,New England Patriots,16,21.8,348,80,"5,030",0,62.9,2,2.5,77,21.1,0,0,0,2003
8,Oakland Raiders,16,16.9,270,66,"4,150",2,62.9,7,10.6,57,25.9,0,0,0,2003
11,Kansas City Chiefs,16,30.2,484,93,"5,840",0,62.8,6,6.5,87,23.5,0,0,0,2003
11,Pittsburgh Steelers,16,18.8,300,72,"4,524",1,62.8,5,6.9,66,20.6,1,0,0,2003
13,Cincinnati Bengals,16,21.6,346,77,"4,792",2,62.2,4,5.2,71,20.7,0,0,0,2003
13,New Orleans Saints,16,21.2,340,73,"4,538",1,62.2,3,4.1,67,23.7,2,3,1,2003
15,Atlanta Falcons,16,18.7,299,74,"4,598",2,62.1,7,9.5,62,19.4,0,4,0,2003
16,Washington Redskins,16,17.9,287,72,"4,426",0,61.5,11,15.3,60,20.6,0,2,1,2003
17,Tampa Bay Buccaneers,16,18.8,301,67,"4,116",2,61.4,5,7.5,59,23.6,0,2,1,2003
18,Carolina Panthers,16,20.3,325,78,"4,755",1,61,4,5.1,70,20.4,0,2,0,2003
18,Cleveland Browns,16,15.9,254,65,"3,964",2,61,3,4.6,60,20.5,0,1,0,2003
20,Buffalo Bills,16,15.2,243,60,"3,632",1,60.5,3,5,55,19.6,0,1,0,2003
21,Minnesota Vikings,16,26,416,82,"4,956",3,60.4,2,2.4,75,21.4,0,2,1,2003
21,New York Giants,16,15.2,243,61,"3,687",2,60.4,2,3.3,56,20.1,0,1,0,2003
23,Indianapolis Colts,16,27.9,447,99,"5,955",0,60.2,4,4,93,21.5,2,2,1,2003
23,Seattle Seahawks,16,25.2,404,84,"5,059",2,60.2,3,3.6,79,20.6,0,0,0,2003
25,New York Jets,16,17.7,283,72,"4,312",0,59.9,1,1.4,71,21.1,0,0,0,2003
26,San Francisco 49ers,16,24,384,85,"5,075",4,59.7,3,3.5,77,21.3,0,1,0,2003
27,Arizona Cardinals,16,14.1,225,61,"3,633",1,59.6,8,13.1,48,21.7,0,4,1,2003
28,Green Bay Packers,16,27.6,442,92,"5,393",5,58.6,4,4.3,82,20.8,1,3,1,2003
28,San Diego Chargers,16,19.6,313,69,"4,041",1,58.6,0,0,67,21.4,1,1,0,2003
30,Tennessee Titans,16,27.2,435,94,"5,452",4,58,6,6.4,81,18.8,0,2,0,2003
31,Chicago Bears,16,17.7,283,69,"3,979",1,57.7,1,1.4,64,21.4,1,3,1,2003
32,Jacksonville Jaguars,16,17.2,276,66,"3,742",1,56.7,3,4.5,58,21.2,0,3,0,2003
1,Arizona Cardinals,16,17.8,284,70,"4,722",1,67.5,23,32.9,46,22.1,1,0,0,2004
2,Jacksonville Jaguars,16,16.3,261,62,"4,042",1,65.2,11,17.7,50,19.9,0,0,0,2004
3,Philadelphia Eagles,16,24.1,386,86,"5,579",0,64.9,12,14,73,23.2,0,0,0,2004
4,Detroit Lions,16,18.5,296,72,"4,632",2,64.3,14,19.4,54,19.6,0,2,0,2004
5,Miami Dolphins,16,17.2,275,65,"4,164",1,64.1,12,18.5,51,21.8,1,0,0,2004
5,Oakland Raiders,16,20,320,76,"4,871",0,64.1,12,15.8,62,23.5,0,1,0,2004
7,New Orleans Saints,16,21.8,348,79,"5,042",2,63.8,1,1.3,74,23.1,0,2,0,2004
8,Atlanta Falcons,16,21.2,340,74,"4,709",3,63.6,13,17.6,56,19.9,1,3,2,2004
8,St. Louis Rams,16,19.9,319,70,"4,449",1,63.6,3,4.3,66,25.5,1,0,0,2004
10,Denver Broncos,16,23.8,381,86,"5,459",1,63.5,16,18.6,68,24,1,2,1,2004
10,Houston Texans,16,19.3,309,71,"4,506",1,63.5,9,12.7,60,23.1,1,1,0,2004
12,New York Jets,16,20.8,333,79,"4,989",0,63.2,7,8.9,72,21.6,1,0,0,2004
13,New England Patriots,16,27.3,437,94,"5,921",1,63,6,6.4,86,23.3,1,0,0,2004
14,Minnesota Vikings,16,25.3,405,82,"5,159",1,62.9,4,4.9,75,24.9,1,2,0,2004
15,Baltimore Ravens,16,19.8,317,77,"4,838",3,62.8,9,11.7,65,23.2,2,0,0,2004
16,Pittsburgh Steelers,16,23.2,372,84,"5,218",3,62.1,7,8.3,74,21.6,1,0,0,2004
17,Dallas Cowboys,16,18.3,293,67,"4,134",1,61.7,3,4.5,62,17.5,0,1,1,2004
18,Seattle Seahawks,16,23.2,371,83,"5,091",1,61.3,5,6,77,21.8,0,1,0,2004
19,Cleveland Browns,16,17.2,276,69,"4,172",1,60.5,5,7.2,59,22.6,1,4,1,2004
19,Kansas City Chiefs,16,30.2,483,94,"5,688",0,60.5,7,7.4,85,22.4,0,2,1,2004
19,San Diego Chargers,16,27.9,446,91,"5,507",5,60.5,2,2.2,83,22.2,2,1,0,2004
19,Tampa Bay Buccaneers,16,18.8,301,67,"4,051",1,60.5,6,9,58,22.7,1,2,0,2004
23,Cincinnati Bengals,16,23.4,374,83,"5,014",0,60.4,2,2.4,80,19.7,0,1,0,2004
24,Indianapolis Colts,16,32.6,522,101,"5,988",5,59.3,4,4,92,21.3,0,0,0,2004
25,Washington Redskins,16,15,240,62,"3,647",2,58.8,1,1.6,57,21.5,1,2,0,2004
26,Green Bay Packers,16,26.5,424,83,"4,862",0,58.6,2,2.4,79,20.2,0,3,0,2004
27,Carolina Panthers,16,22.2,355,77,"4,501",2,58.5,3,3.9,69,21.4,0,3,0,2004
27,Chicago Bears,16,14.4,231,57,"3,337",1,58.5,0,0,54,21.5,0,2,0,2004
29,Buffalo Bills,16,24.7,395,83,"4,835",1,58.3,3,3.6,77,18.3,0,3,1,2004
30,Tennessee Titans,16,21.5,344,77,"4,454",0,57.8,3,3.9,69,20.1,0,4,3,2004
31,New York Giants,16,18.9,303,71,"4,094",1,57.7,2,2.8,66,19.4,0,2,1,2004
32,San Francisco 49ers,16,16.2,259,61,"3,441",1,56.4,1,1.6,56,20,0,3,0,2004
1,Miami Dolphins,16,19.9,318,74,"4,944",1,66.8,16,21.6,56,25.4,0,1,0,2005
2,Jacksonville Jaguars,16,22.6,361,79,"5,189",2,65.7,20,25.3,56,23.7,0,1,1,2005
3,Arizona Cardinals,16,19.4,311,86,"5,642",1,65.6,23,26.7,60,28.3,3,2,0,2005
4,Denver Broncos,16,24.7,395,83,"5,372",2,64.7,14,16.9,67,25.3,0,0,0,2005
5,Houston Texans,16,16.2,260,69,"4,447",0,64.4,11,15.9,55,21.7,0,1,0,2005
5,New Orleans Saints,16,14.7,235,66,"4,249",0,64.4,5,7.6,61,23,0,0,0,2005
7,Tennessee Titans,16,18.7,299,72,"4,584",2,63.7,11,15.3,57,22.6,0,3,0,2005
8,Atlanta Falcons,16,21.9,351,77,"4,888",2,63.5,14,18.2,59,19.3,0,2,0,2005
9,Dallas Cowboys,16,20.3,325,74,"4,694",1,63.4,6,8.1,66,21.7,0,1,0,2005
9,New York Giants,16,26.4,422,98,"6,211",1,63.4,12,12.2,85,22,1,0,0,2005
11,St. Louis Rams,16,22.7,363,80,"5,067",0,63.3,6,7.5,70,25.4,0,4,2,2005
12,Carolina Panthers,16,24.4,391,86,"5,430",3,63.1,3,3.5,80,21.3,0,1,0,2005
13,Seattle Seahawks,16,28.2,452,89,"5,600",2,62.9,4,4.5,82,22,1,1,0,2005
14,Tampa Bay Buccaneers,16,18.8,300,69,"4,328",1,62.7,5,7.2,63,21.7,1,0,0,2005
15,Oakland Raiders,16,18.1,290,70,"4,351",2,62.2,11,15.7,56,24.4,0,2,0,2005
16,Chicago Bears,16,16.2,260,65,"4,016",0,61.8,2,3.1,63,19.9,0,0,0,2005
17,New England Patriots,16,23.7,379,81,"4,992",1,61.6,10,12.3,68,21.9,0,1,0,2005
18,Indianapolis Colts,16,27.4,439,90,"5,539",0,61.5,1,1.1,89,22.2,1,0,0,2005
19,Detroit Lions,16,15.9,254,62,"3,779",1,61,5,8.1,55,22.5,1,1,0,2005
19,San Diego Chargers,16,26.1,418,88,"5,365",0,61,4,4.5,83,22.4,0,1,0,2005
21,Buffalo Bills,16,16.9,271,70,"4,263",1,60.9,2,2.9,64,20.4,1,3,1,2005
21,Green Bay Packers,16,18.6,298,69,"4,202",0,60.9,3,4.3,65,21.6,0,1,0,2005
21,Kansas City Chiefs,16,25.2,403,88,"5,363",1,60.9,2,2.3,83,24.7,1,4,0,2005
24,Philadelphia Eagles,16,19.4,310,73,"4,441",1,60.8,5,6.8,67,21.1,1,1,0,2005
24,Pittsburgh Steelers,16,24.3,389,84,"5,105",0,60.8,5,6,77,21.9,0,2,0,2005
26,Cincinnati Bengals,16,26.3,421,91,"5,476",2,60.2,2,2.2,85,21,1,2,0,2005
27,Baltimore Ravens,16,16.6,265,69,"4,136",1,59.9,3,4.3,62,21.8,0,3,0,2005
27,Cleveland Browns,16,14.5,232,61,"3,653",0,59.9,3,4.9,56,21.1,0,3,0,2005
29,New York Jets,16,15,240,63,"3,741",2,59.4,1,1.6,60,20.8,0,1,0,2005
30,Washington Redskins,16,22.4,359,78,"4,629",3,59.3,1,1.3,72,20.9,0,1,0,2005
31,Minnesota Vikings,16,19.1,306,73,"4,324",1,59.2,0,0,67,21.1,0,5,0,2005
31,San Francisco 49ers,16,14.9,239,62,"3,672",1,59.2,8,12.9,48,20,0,5,3,2005
1,Denver Broncos,16,19.9,319,75,"5,090",1,67.9,19,25.3,55,26.9,0,0,0,2006
2,Arizona Cardinals,16,19.6,314,77,"5,165",1,67.1,17,22.1,58,25.5,0,1,1,2006
3,Detroit Lions,16,19.1,305,76,"5,085",0,66.9,13,17.1,63,22.9,0,0,0,2006
4,Miami Dolphins,16,16.2,260,67,"4,393",1,65.6,24,35.8,40,24.5,0,3,1,2006
5,Philadelphia Eagles,16,24.9,398,83,"5,437",0,65.5,11,13.3,71,23.2,0,1,0,2006
6,New England Patriots,16,24.1,385,82,"5,353",1,65.3,12,14.6,68,22.8,0,1,0,2006
7,Indianapolis Colts,16,26.7,427,88,"5,735",0,65.2,10,11.4,78,26,2,0,0,2006
7,Jacksonville Jaguars,16,23.2,371,84,"5,478",2,65.2,21,25,60,21,0,1,0,2006
9,Chicago Bears,16,26.7,427,95,"6,187",1,65.1,11,11.6,83,20.8,0,0,0,2006
9,Green Bay Packers,16,18.8,301,72,"4,689",0,65.1,11,15.3,60,22.5,0,1,1,2006
9,San Diego Chargers,16,30.8,492,103,"6,703",2,65.1,11,10.7,90,21.8,0,0,0,2006
12,Houston Texans,16,16.7,267,64,"4,153",1,64.9,10,15.6,52,23.4,1,2,0,2006
12,Seattle Seahawks,16,20.9,335,75,"4,871",1,64.9,12,16,61,24.6,0,1,0,2006
14,Atlanta Falcons,16,18.2,292,70,"4,533",1,64.8,13,18.6,53,20.6,0,3,2,2006
14,Oakland Raiders,16,10.5,168,51,"3,305",1,64.8,7,13.7,42,28.6,0,1,0,2006
16,New York Giants,16,22.2,355,78,"5,039",0,64.6,12,15.4,65,22.4,0,1,0,2006
17,Cincinnati Bengals,16,23.3,373,84,"5,367",1,63.9,13,15.5,70,21,0,0,0,2006
18,Cleveland Browns,16,14.9,238,61,"3,887",0,63.7,11,18,48,21.9,1,2,0,2006
19,Carolina Panthers,16,16.9,270,67,"4,245",2,63.4,6,9,59,22.1,0,1,0,2006
20,Baltimore Ravens,16,22.1,353,82,"5,174",0,63.1,6,7.3,75,21.8,0,1,0,2006
21,St. Louis Rams,16,22.9,367,84,"5,282",1,62.9,11,13.1,69,24.7,2,4,1,2006
22,Kansas City Chiefs,16,20.7,331,78,"4,850",1,62.2,5,6.4,71,23.2,0,2,0,2006
22,Tampa Bay Buccaneers,16,13.2,211,53,"3,296",2,62.2,4,7.5,46,18.4,0,0,0,2006
24,Pittsburgh Steelers,16,22.1,353,76,"4,695",0,61.8,4,5.3,70,22.4,1,0,0,2006
24,Tennessee Titans,16,20.2,324,71,"4,391",3,61.8,10,14.1,58,21.8,0,1,0,2006
26,New Orleans Saints,16,25.8,413,85,"5,242",2,61.7,8,9.4,72,22.2,0,3,1,2006
27,Dallas Cowboys,16,26.6,425,89,"5,399",0,60.7,8,9,80,19.6,1,2,0,2006
27,San Francisco 49ers,16,18.6,298,74,"4,495",1,60.7,5,6.8,65,21.1,0,4,3,2006
29,New York Jets,16,19.8,316,74,"4,478",1,60.5,2,2.7,69,21.2,0,2,1,2006
29,Washington Redskins,16,19.2,307,72,"4,358",1,60.5,1,1.4,67,20.8,0,3,0,2006
31,Buffalo Bills,16,18.8,300,70,"4,203",0,60,5,7.1,60,21.3,0,2,1,2006
32,Minnesota Vikings,16,17.6,282,67,"3,961",2,59.1,3,4.5,59,23.2,1,4,1,2006
1,Tennessee Titans,16,18.8,301,75,"5,071",1,67.6,16,21.3,58,24.2,0,0,0,2007
2,Kansas City Chiefs,16,14.1,226,59,"3,897",3,66.1,5,8.5,51,21.7,0,0,0,2007
3,Denver Broncos,16,20,320,76,"4,956",1,65.2,13,17.1,62,23,1,0,0,2007
4,Atlanta Falcons,16,16.2,259,68,"4,430",2,65.1,15,22.1,50,23,1,2,1,2007
5,Detroit Lions,16,21.6,346,83,"5,394",3,65,13,15.7,65,26.9,2,2,0,2007
5,Indianapolis Colts,16,28.1,450,91,"5,915",1,65,9,9.9,81,25,3,0,0,2007
5,Oakland Raiders,16,17.7,283,68,"4,418",1,65,22,32.4,43,22.4,1,2,1,2007
8,New England Patriots,16,36.8,589,112,"7,220",3,64.5,15,13.4,92,22.1,1,0,0,2007
9,Arizona Cardinals,16,25.2,404,81,"5,216",0,64.4,17,21,60,23.2,0,3,3,2007
10,Jacksonville Jaguars,16,25.7,411,88,"5,620",3,63.9,17,19.3,67,19.7,2,1,1,2007
11,St. Louis Rams,16,16.4,263,66,"4,183",1,63.4,5,7.6,58,27.2,2,1,0,2007
12,Seattle Seahawks,16,24.6,393,89,"5,613",1,63.1,13,14.6,72,24.9,0,3,0,2007
13,Green Bay Packers,16,27.2,435,93,"5,857",1,63,14,15.1,77,20.9,0,2,0,2007
13,Houston Texans,16,23.7,379,84,"5,295",0,63,11,13.1,69,23.1,0,4,1,2007
13,Minnesota Vikings,16,22.8,365,79,"4,974",2,63,9,11.4,65,22.2,0,3,1,2007
16,San Diego Chargers,16,25.8,412,84,"5,275",1,62.8,7,8.3,75,20.9,0,1,0,2007
17,Dallas Cowboys,16,28.4,455,94,"5,887",2,62.6,4,4.3,86,23,1,1,1,2007
18,Baltimore Ravens,16,17.2,275,72,"4,488",2,62.3,7,9.7,61,23.7,0,3,0,2007
19,New Orleans Saints,16,23.7,379,77,"4,781",2,62.1,16,20.8,56,22.4,1,5,1,2007
20,Philadelphia Eagles,16,21,336,78,"4,824",1,61.8,6,7.7,69,22.3,0,2,1,2007
21,New York Giants,16,23.3,373,83,"5,120",4,61.7,8,9.6,69,23.1,1,2,0,2007
22,Buffalo Bills,16,15.8,252,66,"4,052",2,61.4,6,9.1,56,20.5,1,0,0,2007
22,Cleveland Browns,16,25.1,402,85,"5,221",2,61.4,5,5.9,76,20.9,0,0,0,2007
22,Pittsburgh Steelers,16,24.6,393,86,"5,284",1,61.4,10,11.6,73,22.6,1,2,1,2007
25,Carolina Panthers,16,16.7,267,66,"4,042",6,61.2,4,6.1,56,23.8,0,3,0,2007
26,Cincinnati Bengals,16,23.8,380,88,"5,377",2,61.1,8,9.1,76,22.8,0,1,0,2007
26,New York Jets,16,16.8,268,65,"3,970",2,61.1,9,13.8,51,24.9,1,5,1,2007
28,San Francisco 49ers,16,13.7,219,57,"3,457",2,60.6,4,7,45,21.8,1,7,2,2007
29,Tampa Bay Buccaneers,16,20.9,334,79,"4,714",1,59.7,6,7.6,68,19.5,1,4,2,2007
30,Chicago Bears,16,20.9,334,79,"4,698",4,59.5,3,3.8,71,19.3,1,3,0,2007
31,Washington Redskins,16,20.9,334,77,"4,495",3,58.4,6,7.8,66,19.5,1,3,1,2007
32,Miami Dolphins,16,16.7,267,67,"3,878",3,57.9,8,11.9,50,25.8,2,6,0,2007
1,St. Louis Rams,16,14.5,232,66,"4,497",1,68.1,8,12.1,56,26.2,0,1,1,2008
2,Tennessee Titans,16,23.4,375,85,"5,708",1,67.2,22,25.9,61,25,0,1,1,2008
3,Atlanta Falcons,16,24.4,391,87,"5,823",0,66.9,16,18.4,71,21.6,0,0,0,2008
4,Carolina Panthers,16,25.9,414,90,"6,008",1,66.8,30,33.3,59,21.9,0,1,0,2008
5,Seattle Seahawks,16,18.4,294,71,"4,732",0,66.6,22,31,47,25.6,0,2,0,2008
6,Detroit Lions,16,16.8,268,67,"4,418",2,65.9,7,10.4,57,23.4,0,2,1,2008
7,Oakland Raiders,16,16.4,263,68,"4,459",0,65.6,22,32.4,44,24.4,1,2,1,2008
7,Philadelphia Eagles,16,26,416,92,"6,031",0,65.6,17,18.5,75,22.6,1,0,0,2008
9,Chicago Bears,16,23.4,375,79,"5,134",0,65,9,11.4,68,24.4,0,1,0,2008
9,Indianapolis Colts,16,23.6,377,81,"5,263",0,65,8,9.9,70,24.3,0,3,1,2008
11,New Orleans Saints,16,28.9,463,93,"6,032",2,64.9,14,15.1,76,24,1,1,0,2008
12,Denver Broncos,16,23.1,370,84,"5,443",1,64.8,19,22.6,63,24.7,1,1,0,2008
13,Minnesota Vikings,16,23.7,379,85,"5,488",1,64.6,6,7.1,78,23.5,0,1,0,2008
14,Cleveland Browns,16,14.5,232,66,"4,249",0,64.4,12,18.2,53,23.2,1,0,0,2008
15,Green Bay Packers,16,26.2,419,95,"6,109",3,64.3,17,17.9,72,23.4,0,3,0,2008
16,Baltimore Ravens,16,24.1,385,85,"5,458",0,64.2,9,10.6,76,22.6,2,0,0,2008
16,Houston Texans,16,22.9,366,85,"5,460",0,64.2,9,10.6,73,22.3,0,2,0,2008
18,New England Patriots,16,25.6,410,95,"6,083",1,64,17,17.9,75,22.3,2,1,0,2008
19,Cincinnati Bengals,16,12.8,204,58,"3,689",1,63.6,9,15.5,47,22.5,0,1,1,2008
20,Miami Dolphins,16,21.6,345,77,"4,887",1,63.5,7,9.1,68,24.3,0,1,0,2008
20,San Francisco 49ers,16,21.2,339,80,"5,081",1,63.5,9,11.3,65,23.3,0,5,0,2008
22,Arizona Cardinals,16,26.7,427,90,"5,699",1,63.3,15,16.7,69,25,1,5,1,2008
23,San Diego Chargers,16,27.4,439,96,"6,069",0,63.2,8,8.3,86,22.6,1,2,2,2008
24,Tampa Bay Buccaneers,16,22.6,361,82,"5,157",1,62.9,6,7.3,74,20.8,0,1,0,2008
24,Washington Redskins,16,16.6,265,68,"4,280",4,62.9,9,13.2,55,20.1,0,1,0,2008
26,Jacksonville Jaguars,16,18.9,302,69,"4,306",3,62.4,10,14.5,51,19.9,0,5,1,2008
26,New York Jets,16,25.3,405,84,"5,239",0,62.4,7,8.3,73,21.5,0,3,1,2008
28,Pittsburgh Steelers,16,21.7,347,82,"5,104",1,62.2,9,11,71,19.1,0,1,0,2008
29,Buffalo Bills,16,21,336,78,"4,803",2,61.6,10,12.8,63,19.8,0,1,0,2008
30,New York Giants,16,26.7,427,93,"5,669",2,61,4,4.3,85,22.5,0,1,0,2008
31,Dallas Cowboys,16,22.6,362,77,"4,656",5,60.5,0,0,71,21.3,1,2,0,2008
32,Kansas City Chiefs,16,18.2,291,68,"4,077",1,60,4,5.9,62,23.6,1,3,0,2008
1,Indianapolis Colts,16,26,416,83,"5,807",1,70,22,26.5,60,25.3,1,0,0,2009
2,Denver Broncos,16,20.4,326,78,"5,332",0,68.4,28,35.9,49,22.8,1,1,0,2009
3,Seattle Seahawks,16,17.5,280,69,"4,685",0,67.9,22,31.9,46,23,0,1,1,2009
4,New England Patriots,16,26.7,427,91,"6,174",0,67.8,21,23.1,70,24.4,0,0,0,2009
5,New Orleans Saints,16,31.9,510,104,"7,025",2,67.5,28,26.9,74,24.5,0,0,0,2009
6,Atlanta Falcons,16,22.7,363,76,"5,080",0,66.8,28,36.8,46,20.5,0,2,1,2009
7,Carolina Panthers,16,19.7,315,72,"4,803",0,66.7,21,29.2,51,24.8,1,1,0,2009
8,Houston Texans,16,24.2,388,82,"5,432",1,66.2,10,12.2,71,22.5,0,1,0,2009
8,New York Jets,16,21.8,348,82,"5,431",1,66.2,10,12.2,70,24.1,2,0,0,2009
10,San Francisco 49ers,16,20.6,330,73,"4,822",1,66.1,6,8.2,65,21.8,1,1,0,2009
11,Jacksonville Jaguars,16,18.1,290,65,"4,290",1,66,17,26.2,47,22.7,1,1,0,2009
11,Oakland Raiders,16,12.3,197,59,"3,894",0,66,17,28.8,42,25.7,1,0,0,2009
13,Dallas Cowboys,16,22.6,361,79,"5,206",0,65.9,29,36.7,47,20.6,0,3,0,2009
14,Chicago Bears,16,20.4,327,73,"4,797",1,65.7,8,11,64,24.3,0,0,0,2009
15,St. Louis Rams,16,10.9,175,53,"3,471",1,65.5,8,15.1,43,24,1,2,0,2009
16,Philadelphia Eagles,16,26.8,429,94,"6,113",1,65,11,11.7,81,23.5,0,2,0,2009
17,Baltimore Ravens,16,24.4,391,84,"5,398",1,64.3,4,4.8,77,20.3,0,0,0,2009
18,Tennessee Titans,16,22.1,354,81,"5,199",1,64.2,7,8.6,71,24.1,1,2,1,2009
19,Buffalo Bills,16,16.1,258,69,"4,395",1,63.7,6,8.7,59,21.5,0,1,0,2009
19,Minnesota Vikings,16,29.4,470,98,"6,242",1,63.7,5,5.1,91,22.6,0,0,0,2009
21,San Diego Chargers,16,28.4,454,97,"6,153",0,63.4,9,9.3,87,21.9,1,1,1,2009
22,Cincinnati Bengals,16,19.1,305,69,"4,367",3,63.3,8,11.6,58,22.2,0,0,0,2009
23,Detroit Lions,16,16.4,262,64,"4,024",1,62.9,4,6.3,58,23.3,1,2,0,2009
24,Green Bay Packers,16,28.8,461,97,"6,090",2,62.8,12,12.4,80,22.8,0,3,1,2009
25,Arizona Cardinals,16,23.4,375,78,"4,891",2,62.7,14,17.9,61,20.5,0,0,0,2009
26,New York Giants,16,25.1,402,86,"5,345",1,62.2,6,7,77,21,0,2,0,2009
27,Kansas City Chiefs,16,18.4,294,73,"4,518",1,61.9,7,9.6,60,24.1,2,6,1,2009
28,Miami Dolphins,16,22.5,360,82,"5,052",1,61.6,7,8.5,71,21.9,0,4,1,2009
28,Tampa Bay Buccaneers,16,15.2,244,58,"3,575",0,61.6,9,15.5,46,19.1,0,3,2,2009
30,Cleveland Browns,16,15.3,245,65,"3,994",3,61.4,6,9.2,52,18.9,0,2,1,2009
31,Washington Redskins,16,16.6,266,69,"4,227",2,61.3,8,11.6,56,19.7,0,3,0,2009
32,Pittsburgh Steelers,16,23,368,81,"4,845",0,59.8,3,3.7,74,24.3,4,1,0,2009
1,Baltimore Ravens,16,22.3,357,79,"5,620",1,71.1,40,50.6,38,26,0,0,0,2010
2,Atlanta Falcons,16,25.9,414,88,"5,945",0,67.6,23,26.1,64,21.3,1,1,0,2010
3,Indianapolis Colts,16,27.2,435,91,"6,069",0,66.7,16,17.6,73,25.8,1,2,0,2010
3,St. Louis Rams,16,18.1,289,73,"4,866",2,66.7,5,6.8,65,23.7,1,2,0,2010
3,Tennessee Titans,16,22.2,356,76,"5,071",2,66.7,17,22.4,56,24.8,1,1,1,2010
6,Dallas Cowboys,16,24.6,394,85,"5,654",3,66.5,22,25.9,56,24.3,1,3,0,2010
7,Jacksonville Jaguars,16,22.1,353,76,"5,044",2,66.4,15,19.7,59,21.5,1,1,0,2010
8,Houston Texans,16,24.4,390,86,"5,695",0,66.2,13,15.1,72,24.2,1,2,1,2010
9,Miami Dolphins,16,17.1,273,70,"4,603",3,65.8,14,20,53,24.6,2,0,0,2010
10,Carolina Panthers,16,12.2,196,58,"3,811",1,65.7,11,19,45,23.6,0,3,0,2010
11,Oakland Raiders,16,25.6,410,93,"6,091",1,65.5,29,31.2,61,23.1,1,1,0,2010
12,New Orleans Saints,16,24,384,84,"5,481",2,65.3,14,16.7,66,24.1,0,2,0,2010
13,Washington Redskins,16,18.9,302,72,"4,693",1,65.2,9,12.5,61,19,0,1,0,2010
14,Arizona Cardinals,16,18.1,289,70,"4,552",0,65,16,22.9,51,24.2,0,3,0,2010
14,Seattle Seahawks,16,19.4,310,73,"4,745",1,65,20,27.4,50,22,0,3,0,2010
16,Philadelphia Eagles,16,27.4,439,96,"6,214",2,64.7,23,24,69,21.8,0,2,1,2010
17,Chicago Bears,16,20.9,334,78,"5,018",2,64.3,16,20.5,59,23.8,0,1,0,2010
18,New England Patriots,16,32.4,518,100,"6,397",1,64,17,17,81,22.5,1,0,0,2010
19,Denver Broncos,16,21.5,344,78,"4,973",0,63.8,22,28.2,51,24.7,1,5,2,2010
20,Buffalo Bills,16,17.7,283,68,"4,277",1,62.9,8,11.8,57,21.7,0,1,0,2010
21,Minnesota Vikings,16,17.6,281,65,"4,050",0,62.3,3,4.6,61,23.9,1,1,0,2010
21,New York Giants,16,24.6,394,85,"5,295",1,62.3,7,8.2,77,19.7,0,0,0,2010
21,San Francisco 49ers,16,19.1,305,72,"4,482",0,62.3,5,6.9,67,22.2,1,0,0,2010
24,Detroit Lions,16,22.6,362,77,"4,775",0,62,3,3.9,72,20.7,1,2,1,2010
24,New York Jets,16,22.9,367,81,"5,025",1,62,7,8.6,73,19.6,0,0,0,2010
26,Cincinnati Bengals,16,20.1,322,76,"4,692",1,61.7,8,10.5,64,23.5,2,3,1,2010
26,San Diego Chargers,16,27.6,441,96,"5,924",3,61.7,6,6.3,84,22.4,3,4,1,2010
26,Tampa Bay Buccaneers,16,21.3,341,78,"4,811",0,61.7,1,1.3,75,20.7,1,2,0,2010
29,Green Bay Packers,16,24.2,388,84,"5,173",3,61.6,4,4.8,76,21.8,0,1,1,2010
30,Kansas City Chiefs,16,22.9,366,78,"4,794",2,61.5,8,10.3,66,20.2,1,2,0,2010
31,Cleveland Browns,16,16.9,271,67,"4,057",2,60.6,7,10.4,54,17.8,0,4,0,2010
31,Pittsburgh Steelers,16,23.4,375,86,"5,213",1,60.6,7,8.1,77,20,1,2,0,2010
1,Arizona Cardinals,16,19.5,312,74,"4,993",0,67.5,22,29.7,52,25,0,0,0,2011
2,Baltimore Ravens,16,23.6,378,83,"5,562",0,67,45,54.2,36,29.2,1,2,0,2011
2,Indianapolis Colts,16,15.2,243,63,"4,220",0,67,41,65.1,19,30.7,0,3,0,2011
4,Cincinnati Bengals,16,21.5,344,80,"5,317",0,66.5,36,45,44,20.8,0,0,0,2011
4,Pittsburgh Steelers,16,20.3,325,72,"4,789",1,66.5,28,38.9,43,23.7,0,0,0,2011
6,Jacksonville Jaguars,16,15.2,243,65,"4,319",0,66.4,39,60,26,24.3,0,0,0,2011
7,San Francisco 49ers,16,23.8,380,94,"6,228",0,66.3,47,50,46,23.1,0,1,1,2011
7,Seattle Seahawks,16,20.1,321,75,"4,969",1,66.3,26,34.7,48,26,1,0,0,2011
9,Detroit Lions,16,29.6,474,97,"6,419",1,66.2,45,46.4,49,25.6,1,2,0,2011
10,Miami Dolphins,16,20.6,329,82,"5,407",1,65.9,40,48.8,41,22.9,0,1,0,2011
11,New England Patriots,16,32.1,513,104,"6,821",2,65.6,41,39.4,60,21.6,0,2,0,2011
12,St. Louis Rams,16,12.1,193,54,"3,537",1,65.5,15,27.8,36,25.1,0,2,1,2011
13,Dallas Cowboys,16,23.1,369,86,"5,627",1,65.4,33,38.4,52,21.4,0,0,0,2011
14,Atlanta Falcons,16,25.1,402,88,"5,745",1,65.3,25,28.4,60,24.8,0,1,0,2011
14,San Diego Chargers,16,25.4,406,91,"5,944",0,65.3,32,35.2,57,25.5,1,2,2,2011
16,New Orleans Saints,16,34.2,547,107,"6,962",0,65.1,68,63.6,36,25.8,1,3,0,2011
17,Philadelphia Eagles,16,24.8,396,85,"5,521",1,65,32,37.6,51,23.1,0,1,0,2011
18,Carolina Panthers,16,25.4,406,84,"5,451",0,64.9,53,63.1,30,27,0,2,0,2011
19,Green Bay Packers,16,35,560,110,"7,130",1,64.8,49,44.5,59,23.4,0,2,1,2011
20,Houston Texans,16,23.8,381,86,"5,568",0,64.7,38,44.2,46,22.4,0,2,1,2011
21,New York Giants,16,24.6,394,82,"5,291",0,64.5,34,41.5,46,22.9,0,2,0,2011
22,Denver Broncos,16,19.3,309,70,"4,508",1,64.4,47,67.1,20,24.6,0,2,1,2011
22,Minnesota Vikings,16,21.2,340,78,"5,027",1,64.4,19,24.4,57,24.6,1,1,0,2011
24,Chicago Bears,16,22.1,353,82,"5,254",3,64.1,43,52.4,35,24.4,0,2,0,2011
25,Tennessee Titans,16,20.3,325,78,"4,991",2,64,44,56.4,30,22.7,0,2,1,2011
26,New York Jets,16,23.6,377,81,"5,156",1,63.7,17,21,61,21.2,0,2,0,2011
27,Washington Redskins,16,18,288,73,"4,629",3,63.4,32,43.8,36,20.8,0,3,0,2011
28,Oakland Raiders,16,22.4,359,81,"5,130",0,63.3,32,39.5,47,25.7,1,2,0,2011
29,Cleveland Browns,16,13.6,218,59,"3,728",1,63.2,10,16.9,46,22.9,1,3,1,2011
30,Buffalo Bills,16,23.2,372,79,"4,935",1,62.5,19,24.1,56,20.4,0,4,1,2011
31,Kansas City Chiefs,16,13.2,212,60,"3,737",1,62.3,31,51.7,25,24.2,0,3,0,2011
32,Tampa Bay Buccaneers,16,17.9,287,69,"4,270",1,61.9,37,53.6,25,22.8,1,6,1,2011
1,Indianapolis Colts,16,22.3,357,79,"5,455",0,69.1,45,57,34,24.7,0,0,0,2012
2,Minnesota Vikings,16,23.7,379,86,"5,858",0,68.1,53,61.6,33,24.1,0,0,0,2012
3,Baltimore Ravens,16,24.9,398,89,"6,002",0,67.4,49,55.1,37,23.2,0,3,0,2012
4,Cincinnati Bengals,16,24.4,391,88,"5,835",0,66.3,27,30.7,60,24.5,1,1,0,2012
4,St. Louis Rams,16,18.7,299,68,"4,507",0,66.3,37,54.4,30,24.3,0,1,0,2012
6,San Francisco 49ers,16,24.8,397,88,"5,805",0,66,40,45.5,48,26.9,0,0,0,2012
7,Seattle Seahawks,16,25.8,412,88,"5,795",0,65.9,36,40.9,50,22.9,0,2,0,2012
8,Tampa Bay Buccaneers,16,24.3,389,87,"5,727",0,65.8,58,66.7,27,25.2,0,2,0,2012
9,Chicago Bears,16,23.4,375,86,"5,639",0,65.6,49,57,37,20.7,0,1,0,2012
10,Atlanta Falcons,16,26.2,419,94,"6,141",0,65.3,45,47.9,48,22.2,0,1,0,2012
11,Green Bay Packers,16,27.1,433,88,"5,741",1,65.2,35,39.8,51,23.4,0,1,1,2012
11,Miami Dolphins,16,18,288,71,"4,630",0,65.2,34,47.9,35,24.8,1,2,1,2012
13,San Diego Chargers,16,21.9,350,78,"5,081",1,65.1,30,38.5,45,22.6,0,2,1,2012
14,New England Patriots,16,34.8,557,112,"7,274",0,64.9,52,46.4,60,20.5,0,1,0,2012
15,Jacksonville Jaguars,16,15.9,255,69,"4,469",1,64.8,26,37.7,39,25.9,0,3,1,2012
16,New York Giants,16,26.8,429,94,"6,062",0,64.5,24,25.5,70,23.7,0,1,0,2012
17,Denver Broncos,16,30.1,481,99,"6,365",0,64.3,65,65.7,34,22.1,0,0,0,2012
18,Kansas City Chiefs,16,13.2,211,58,"3,716",2,64.1,27,46.6,27,25.6,0,2,0,2012
19,New Orleans Saints,16,28.8,461,92,"5,887",1,64,45,48.9,42,25,1,4,0,2012
20,Tennessee Titans,16,20.6,330,74,"4,725",2,63.9,37,50,33,26.1,1,3,0,2012
21,Cleveland Browns,16,18.9,302,77,"4,914",1,63.8,30,39,43,19.8,0,2,0,2012
21,Pittsburgh Steelers,16,21,336,75,"4,784",0,63.8,29,38.7,46,24,0,0,0,2012
23,Washington Redskins,16,27.2,436,91,"5,797",1,63.7,33,36.3,55,23,0,2,0,2012
24,Philadelphia Eagles,16,17.5,280,70,"4,429",0,63.3,26,37.1,41,24.7,0,3,1,2012
25,New York Jets,16,17.6,281,69,"4,360",1,63.2,12,17.4,54,21.9,1,2,0,2012
26,Houston Texans,16,26,416,92,"5,790",0,62.9,28,30.4,62,25.7,2,2,0,2012
27,Carolina Panthers,16,22.3,357,77,"4,836",0,62.8,37,48.1,39,18.9,0,1,0,2012
28,Arizona Cardinals,16,15.6,250,64,"4,000",0,62.5,29,45.3,32,26.4,0,3,0,2012
28,Oakland Raiders,16,18.1,290,73,"4,565",2,62.5,38,52.1,30,28.9,2,7,0,2012
30,Detroit Lions,16,23.2,372,87,"5,414",2,62.2,30,34.5,52,23.3,2,2,1,2012
31,Buffalo Bills,16,21.5,344,73,"4,530",0,62.1,20,27.4,51,22.4,1,2,0,2012
32,Dallas Cowboys,16,23.5,376,84,"5,212",1,62,30,35.7,50,22,1,5,1,2012
1,Houston Texans,16,17.2,276,68,"4,567",0,67.2,29,42.6,39,25.7,0,0,0,2013
2,San Diego Chargers,16,24.8,396,92,"6,128",1,66.6,18,19.6,73,24.6,0,0,0,2013
3,Indianapolis Colts,16,24.4,391,88,"5,850",2,66.5,41,46.6,43,25.2,0,2,0,2013
4,Detroit Lions,16,24.7,395,84,"5,571",3,66.3,45,53.6,35,26.4,0,1,0,2013
5,Arizona Cardinals,16,23.7,379,87,"5,758",0,66.2,33,37.9,54,24,0,0,0,2013
5,Miami Dolphins,16,19.8,317,75,"4,968",1,66.2,38,50.7,36,22.9,0,0,0,2013
7,Kansas City Chiefs,16,26.9,430,92,"6,075",2,66,47,51.1,43,24.4,0,0,0,2013
8,San Francisco 49ers,16,25.4,406,92,"6,064",0,65.9,38,41.3,54,20.4,0,0,0,2013
9,Seattle Seahawks,16,26.1,417,94,"6,185",1,65.8,48,51.1,44,24,0,0,0,2013
10,Jacksonville Jaguars,16,15.4,247,63,"4,103",1,65.1,36,57.1,25,20.4,0,1,0,2013
11,Buffalo Bills,16,21.2,339,83,"5,394",0,65,34,41,48,23.4,0,1,0,2013
12,Carolina Panthers,16,22.9,366,82,"5,322",0,64.9,63,76.8,18,22.6,0,1,0,2013
13,Denver Broncos,16,37.9,606,115,"7,450",1,64.8,81,70.4,32,29.3,1,2,0,2013
13,St. Louis Rams,16,21.8,348,81,"5,250",2,64.8,52,64.2,25,21.8,0,3,1,2013
15,New England Patriots,16,27.8,444,99,"6,398",1,64.6,65,65.7,32,20.8,0,1,1,2013
16,New Orleans Saints,16,25.9,414,87,"5,609",0,64.5,52,59.8,33,25.2,0,2,2,2013
17,Minnesota Vikings,16,24.4,391,88,"5,651",1,64.2,44,50,41,27.1,1,2,0,2013
18,Cincinnati Bengals,16,26.9,430,86,"5,496",1,63.9,32,37.2,52,23.4,0,1,0,2013
19,New York Giants,16,18.4,294,71,"4,527",0,63.8,35,49.3,33,21.8,0,2,0,2013
20,Green Bay Packers,16,26.1,417,93,"5,914",1,63.6,30,32.3,61,25.9,1,1,1,2013
21,Dallas Cowboys,16,27.4,439,93,"5,905",0,63.5,52,55.9,38,20.8,0,2,1,2013
22,Baltimore Ravens,16,20,320,82,"5,195",1,63.4,42,51.2,38,23,0,1,0,2013
23,Tampa Bay Buccaneers,16,18,288,69,"4,363",1,63.2,41,59.4,24,18.8,0,4,2,2013
24,New York Jets,16,18.1,290,73,"4,584",0,62.8,30,41.1,42,22.3,0,1,0,2013
25,Philadelphia Eagles,16,27.6,442,90,"5,641",0,62.7,37,41.1,52,23.6,2,2,0,2013
26,Atlanta Falcons,16,22.1,353,79,"4,902",0,62.1,50,63.3,23,24.8,0,6,3,2013
26,Cleveland Browns,16,19.2,308,73,"4,534",0,62.1,42,57.5,27,22.7,0,5,0,2013
28,Tennessee Titans,16,22.6,362,83,"5,072",1,61.1,32,38.6,45,24.4,0,5,1,2013
29,Oakland Raiders,16,20.1,322,74,"4,477",1,60.5,38,51.4,30,20.4,0,5,0,2013
29,Pittsburgh Steelers,16,23.7,379,86,"5,201",3,60.5,24,27.9,55,22.3,0,3,0,2013
29,Washington Redskins,16,20.9,334,72,"4,355",0,60.5,22,30.6,47,22.3,1,3,0,2013
32,Chicago Bears,16,27.8,445,90,"5,301",1,58.9,38,42.2,47,18.8,1,4,0,2013
1,Arizona Cardinals,16,19.4,310,76,"5,061",0,66.6,38,50,37,26.1,0,1,0,2014
2,Cleveland Browns,16,18.7,299,71,"4,679",0,65.9,40,56.3,31,22.4,0,0,0,2014
3,Carolina Panthers,16,21.2,339,79,"5,196",0,65.8,61,77.2,18,32.4,0,0,0,2014
4,Cincinnati Bengals,16,22.8,365,81,"5,316",0,65.6,37,45.7,44,25.5,0,1,0,2014
5,Houston Texans,16,23.2,372,87,"5,693",0,65.4,40,46,45,26,0,2,0,2014
6,Philadelphia Eagles,16,29.6,474,98,"6,401",0,65.3,46,46.9,52,22.8,0,0,0,2014
7,Seattle Seahawks,16,24.6,394,89,"5,807",0,65.2,46,51.7,43,24.1,0,0,0,2014
7,St. Louis Rams,16,20.2,324,75,"4,892",1,65.2,38,50.7,35,24.3,1,2,0,2014
9,New Orleans Saints,16,25.1,401,81,"5,273",0,65.1,40,49.4,39,26.4,0,2,0,2014
10,Denver Broncos,16,30.1,482,99,"6,437",0,65,64,64.6,35,25.9,0,0,0,2014
11,Baltimore Ravens,16,25.6,409,88,"5,702",0,64.8,60,68.2,26,23.1,0,2,0,2014
12,San Francisco 49ers,16,19.1,306,73,"4,721",0,64.7,32,43.8,40,22.7,0,1,0,2014
13,Miami Dolphins,16,24.2,388,85,"5,476",1,64.4,37,43.5,46,26.9,1,1,0,2014
14,Detroit Lions,16,20.1,321,75,"4,826",1,64.3,53,70.7,20,27.2,0,1,0,2014
14,New England Patriots,16,29.2,468,99,"6,362",1,64.3,53,53.5,45,21.2,0,0,0,2014
14,Tampa Bay Buccaneers,16,17.3,277,69,"4,436",0,64.3,31,44.9,37,23.5,0,1,0,2014
17,Indianapolis Colts,16,28.6,458,99,"6,332",0,64,70,70.7,26,22.6,0,3,3,2014
18,Kansas City Chiefs,16,22.1,353,81,"5,156",0,63.7,26,32.1,54,23.9,0,1,0,2014
19,Buffalo Bills,16,21.4,343,85,"5,362",1,63.1,49,57.6,32,20,0,3,0,2014
20,Dallas Cowboys,16,29.2,467,99,"6,240",0,63,52,52.5,43,21.4,0,3,1,2014
21,Minnesota Vikings,16,20.3,325,77,"4,846",1,62.9,48,62.3,28,20.7,0,1,0,2014
21,New York Jets,16,17.7,283,74,"4,655",0,62.9,21,28.4,51,21.8,0,1,0,2014
21,Tennessee Titans,16,15.9,254,65,"4,086",0,62.9,31,47.7,31,27.6,1,3,0,2014
24,Pittsburgh Steelers,16,27.2,436,89,"5,552",1,62.4,32,36,54,23.1,1,3,0,2014
25,Atlanta Falcons,16,23.8,381,83,"5,172",0,62.3,46,55.4,36,22.8,0,2,0,2014
25,Washington Redskins,16,18.8,301,72,"4,486",0,62.3,27,37.5,43,25.8,1,2,0,2014
27,Green Bay Packers,16,30.4,486,104,"6,442",2,61.9,41,39.4,58,24.5,1,3,0,2014
27,New York Giants,16,23.8,380,82,"5,072",1,61.9,46,56.1,32,18.3,0,3,2,2014
29,San Diego Chargers,16,21.8,348,78,"4,799",1,61.5,10,12.8,67,22.2,0,0,0,2014
30,Jacksonville Jaguars,16,15.6,249,65,"3,991",1,61.4,37,56.9,22,23.5,0,5,2,2014
31,Oakland Raiders,16,15.8,253,61,"3,723",1,61,34,55.7,21,32.5,0,6,0,2014
32,Chicago Bears,16,19.9,319,68,"3,872",1,56.9,25,36.8,35,17.5,0,6,1,2014
1,Carolina Panthers,16,31.2,500,103,"6,757",0,65.6,69,67,34,26.6,1,0,0,2015
2,Minnesota Vikings,16,22.8,365,87,"5,695",0,65.5,47,54,40,26.1,0,0,0,2015
3,St. Louis Rams,16,17.5,280,68,"4,431",0,65.2,41,60.3,27,22.4,0,0,0,2015
4,Arizona Cardinals,16,30.6,489,99,"6,445",0,65.1,50,50.5,49,24.3,0,0,0,2015
5,Cincinnati Bengals,16,26.2,419,89,"5,786",0,65,42,47.2,46,22.6,0,1,0,2015
6,New York Jets,16,24.2,387,86,"5,584",1,64.9,34,39.5,49,23.8,0,2,1,2015
7,New Orleans Saints,16,25.5,408,82,"5,311",0,64.8,44,53.7,37,26.5,0,1,0,2015
8,Tennessee Titans,16,18.7,299,66,"4,272",1,64.7,43,65.2,22,27.2,0,1,0,2015
9,Seattle Seahawks,16,26.4,423,92,"5,930",1,64.5,47,51.1,42,25.5,1,3,0,2015
10,Baltimore Ravens,16,20.5,328,74,"4,753",0,64.2,63,85.1,9,25.4,0,1,0,2015
10,Houston Texans,16,21.2,339,76,"4,881",0,64.2,33,43.4,40,24.4,0,2,0,2015
12,Atlanta Falcons,16,21.2,339,76,"4,875",0,64.1,52,68.4,22,27.2,0,2,0,2015
13,Kansas City Chiefs,16,25.3,405,90,"5,746",1,63.8,40,44.4,46,24.7,0,3,1,2015
14,Cleveland Browns,16,17.4,278,70,"4,459",1,63.7,27,38.6,42,21.3,0,0,0,2015
14,San Diego Chargers,16,20,320,76,"4,839",0,63.7,41,53.9,32,27.5,0,3,0,2015
16,Pittsburgh Steelers,16,26.4,423,94,"5,964",1,63.4,38,40.4,54,22.2,0,1,0,2015
17,Dallas Cowboys,16,17.2,275,73,"4,620",0,63.3,49,67.1,23,23.9,1,2,0,2015
17,Green Bay Packers,16,23,368,81,"5,125",1,63.3,41,50.6,37,26.7,0,2,1,2015
17,Tampa Bay Buccaneers,16,21.4,342,82,"5,193",0,63.3,44,53.7,35,25.2,0,3,0,2015
20,Oakland Raiders,16,22.4,359,81,"5,113",1,63.1,44,54.3,35,22.7,1,2,0,2015
20,San Francisco 49ers,16,14.9,238,63,"3,975",0,63.1,38,60.3,23,25.7,0,2,1,2015
22,Indianapolis Colts,16,20.8,333,77,"4,836",0,62.8,67,87,8,19.5,0,3,0,2015
23,Detroit Lions,16,22.4,358,77,"4,826",1,62.7,40,51.9,32,25.4,0,4,1,2015
24,Jacksonville Jaguars,16,23.5,376,84,"5,247",4,62.5,55,65.5,23,24,0,5,0,2015
25,Buffalo Bills,16,23.7,379,84,"5,235",1,62.3,42,50,40,17.2,0,2,0,2015
25,Denver Broncos,16,22.2,355,82,"5,109",0,62.3,55,67.1,25,20.3,0,3,0,2015
27,New England Patriots,16,29.1,465,101,"6,284",1,62.2,69,68.3,29,18.1,0,3,2,2015
27,Washington Redskins,16,24.2,388,85,"5,288",1,62.2,53,62.4,29,20.1,0,4,1,2015
29,Philadelphia Eagles,16,23.6,377,81,"5,000",2,61.7,42,51.9,34,20.7,0,3,0,2015
30,New York Giants,16,26.2,420,93,"5,727",1,61.6,37,39.8,54,20.3,1,2,0,2015
31,Miami Dolphins,16,19.4,310,72,"4,396",1,61.1,44,61.1,23,22.1,0,4,1,2015
32,Chicago Bears,16,20.9,335,83,"5,036",1,60.7,39,47,39,25.2,2,4,1,2015
1,Atlanta Falcons,16,33.8,540,112,"7,236",0,64.6,72,64.3,40,22.6,0,0,0,2016
2,Miami Dolphins,16,22.7,363,74,"4,768",0,64.4,43,58.1,31,20.4,0,0,0,2016
3,Los Angeles Rams,16,14,224,59,"3,794",0,64.3,36,61,22,19.5,0,1,0,2016
4,New England Patriots,16,27.6,441,93,"5,961",1,64.1,52,55.9,40,19.3,0,0,0,2016
5,Carolina Panthers,16,23.1,369,87,"5,566",0,64,63,72.4,23,18.1,0,1,0,2016
5,Dallas Cowboys,16,26.3,421,91,"5,827",0,64,57,62.6,33,22.6,0,1,0,2016
5,Indianapolis Colts,16,25.7,411,89,"5,697",0,64,49,55.1,39,21.2,0,1,1,2016
5,Oakland Raiders,16,26,416,88,"5,630",0,64,43,48.9,45,19.9,0,0,0,2016
9,Seattle Seahawks,16,22.1,354,87,"5,542",0,63.7,54,62.1,32,20.4,0,1,0,2016
10,Baltimore Ravens,16,21.4,343,81,"5,137",1,63.4,52,64.2,27,20.7,0,1,0,2016
11,San Diego Chargers,16,25.6,410,92,"5,822",2,63.3,67,72.8,21,24,0,2,0,2016
12,New York Jets,16,17.2,275,70,"4,425",0,63.2,39,55.7,29,22.9,1,1,0,2016
13,Pittsburgh Steelers,16,24.9,399,86,"5,424",3,63.1,52,60.5,29,24.7,0,2,0,2016
13,Tampa Bay Buccaneers,16,22.1,354,81,"5,115",1,63.1,52,64.2,25,23.3,0,3,0,2016
15,Cincinnati Bengals,16,20.3,325,77,"4,854",0,63,36,46.8,40,22.3,0,1,0,2016
15,Green Bay Packers,16,27,432,89,"5,608",1,63,46,51.7,41,26.3,1,2,0,2016
17,Arizona Cardinals,16,26.1,418,83,"5,220",1,62.9,52,62.7,29,23.1,1,2,0,2016
17,Washington Redskins,16,24.8,396,92,"5,790",1,62.9,65,70.7,25,21.4,1,2,0,2016
19,Kansas City Chiefs,16,24.3,389,86,"5,394",1,62.7,48,55.8,35,24.1,0,2,0,2016
19,New York Giants,16,19.4,310,72,"4,511",2,62.7,37,51.4,32,22.8,0,1,0,2016
21,Philadelphia Eagles,16,22.9,367,87,"5,439",0,62.5,46,52.9,38,18.7,0,3,0,2016
22,Minnesota Vikings,16,20.4,327,79,"4,932",1,62.4,38,48.1,38,25.8,1,3,1,2016
22,Tennessee Titans,16,23.8,381,83,"5,176",2,62.4,58,69.9,21,22,0,3,0,2016
24,Cleveland Browns,16,16.5,264,66,"4,100",2,62.1,38,57.6,24,21.3,0,3,1,2016
25,Chicago Bears,16,17.4,279,65,"4,022",0,61.9,26,40,36,21.6,0,3,1,2016
26,Detroit Lions,16,21.6,346,80,"4,933",1,61.7,53,66.3,23,21.5,0,3,0,2016
27,Jacksonville Jaguars,16,19.9,318,77,"4,724",2,61.4,60,77.9,13,21,0,4,0,2016
28,Denver Broncos,16,20.8,333,81,"4,969",1,61.3,51,63,26,20.2,1,3,1,2016
29,New Orleans Saints,16,29.3,469,93,"5,693",1,61.2,49,52.7,40,22.5,0,4,1,2016
30,Buffalo Bills,16,24.9,399,84,"5,074",1,60.4,35,41.7,46,21.7,0,3,0,2016
30,Houston Texans,16,17.4,279,76,"4,590",1,60.4,23,30.3,48,23.6,1,4,1,2016
32,San Francisco 49ers,16,19.3,309,72,"4,320",2,60,24,33.3,44,19.8,0,2,0,2016
1,Los Angeles Rams,16,29.9,478,103,"6,658",2,64.6,78,75.7,23,22.6,0,0,0,2017
2,Dallas Cowboys,16,22.1,354,80,"5,159",0,64.5,45,56.3,35,21.7,0,0,0,2017
3,Kansas City Chiefs,16,25.9,415,97,"6,232",0,64.2,71,73.2,25,19.4,0,0,0,2017
4,Carolina Panthers,16,22.7,363,83,"5,313",1,64,70,84.3,12,21.2,0,1,0,2017
4,New Orleans Saints,16,28,448,95,"6,076",1,64,59,62.1,32,24.6,0,3,0,2017
4,Tennessee Titans,16,20.9,334,80,"5,120",0,64,47,58.8,32,23.4,0,1,0,2017
7,Los Angeles Chargers,16,22.2,355,77,"4,924",0,63.9,31,40.3,46,25,0,0,0,2017
8,Pittsburgh Steelers,16,25.4,406,90,"5,720",1,63.6,46,51.1,43,21.1,0,0,0,2017
9,Atlanta Falcons,16,22.1,353,84,"5,332",0,63.5,49,58.3,33,26.2,0,2,0,2017
10,Cincinnati Bengals,16,18.1,290,67,"4,248",1,63.4,31,46.3,35,23.2,0,0,0,2017
10,Detroit Lions,16,25.6,410,91,"5,769",0,63.4,47,51.6,43,20.4,0,1,0,2017
10,Oakland Raiders,16,18.8,301,64,"4,058",0,63.4,48,75,15,19.9,0,1,1,2017
13,Minnesota Vikings,16,23.9,382,89,"5,638",0,63.3,44,49.4,45,22.7,0,0,0,2017
14,Washington Redskins,16,21.4,342,79,"4,987",1,63.1,53,67.1,24,18.7,0,2,0,2017
15,Chicago Bears,16,16.5,264,60,"3,780",0,63,28,46.7,32,21.8,1,0,0,2017
16,New England Patriots,16,28.6,458,99,"6,228",0,62.9,40,40.4,58,18.9,0,1,0,2017
17,Houston Texans,16,21.1,338,76,"4,764",0,62.7,49,64.5,27,20.3,0,1,0,2017
17,Indianapolis Colts,16,16.4,263,70,"4,390",0,62.7,46,65.7,23,19.2,0,1,0,2017
17,San Francisco 49ers,16,20.7,331,83,"5,201",1,62.7,64,77.1,15,20.1,0,2,1,2017
20,Philadelphia Eagles,16,28.6,457,94,"5,880",1,62.6,45,47.9,47,21.6,0,1,1,2017
21,Green Bay Packers,16,20,320,68,"4,246",0,62.4,36,52.9,30,22.2,0,2,2,2017
22,Baltimore Ravens,16,24.7,395,90,"5,610",0,62.3,55,61.1,33,18.6,0,2,0,2017
22,Seattle Seahawks,16,22.9,366,80,"4,986",1,62.3,39,48.8,39,20.3,0,1,0,2017
24,New York Giants,16,15.4,246,62,"3,849",2,62.1,26,41.9,32,20.5,0,2,0,2017
25,Arizona Cardinals,16,18.4,295,77,"4,715",1,61.2,34,44.2,40,22,1,2,0,2017
25,New York Jets,16,18.6,298,72,"4,404",1,61.2,45,62.5,23,20,0,4,1,2017
27,Tampa Bay Buccaneers,16,20.9,335,77,"4,704",0,61.1,27,35.1,47,24.8,2,3,0,2017
28,Miami Dolphins,16,17.6,281,67,"4,015",0,59.9,28,41.8,34,19.6,0,5,4,2017
29,Jacksonville Jaguars,16,26.1,417,92,"5,473",2,59.5,48,52.2,40,20.4,1,3,1,2017
30,Buffalo Bills,16,18.9,302,74,"4,365",0,59,37,50,31,22,0,6,1,2017
30,Denver Broncos,16,18.1,289,73,"4,309",0,59,45,61.6,22,22.6,1,6,0,2017
32,Cleveland Browns,16,14.6,234,57,"3,350",0,58.8,33,57.9,20,23.6,1,4,0,2017
1,Dallas Cowboys,16,21.2,339,77,"4,984",0,64.7,52,67.5,25,26.5,0,0,0,2018
2,Kansas City Chiefs,16,35.3,565,111,"7,130",3,64.2,72,64.9,36,22.5,0,1,0,2018
3,New Orleans Saints,16,31.5,504,103,"6,598",0,64.1,64,62.1,39,22.7,0,0,0,2018
4,Houston Texans,16,25.1,402,92,"5,885",0,64,58,63,33,20.7,0,1,0,2018
4,Los Angeles Rams,16,32.9,527,107,"6,849",1,64,77,72,29,22.5,0,0,0,2018
4,New York Jets,16,20.8,333,83,"5,311",0,64,60,72.3,23,23.4,0,0,0,2018
7,Chicago Bears,16,26.3,421,89,"5,664",1,63.6,65,73,22,24.9,1,1,1,2018
8,Philadelphia Eagles,16,22.9,367,82,"5,210",0,63.5,57,69.5,24,22.5,0,1,0,2018
8,Washington Redskins,16,17.6,281,70,"4,443",0,63.5,56,80,13,22.7,0,1,0,2018
10,Cleveland Browns,16,22.4,359,79,"5,011",1,63.4,52,65.8,24,23.9,0,1,0,2018
11,Carolina Panthers,16,23.5,376,78,"4,938",0,63.3,60,76.9,17,23.9,0,1,0,2018
11,Cincinnati Bengals,16,23,368,79,"5,003",1,63.3,45,57,31,22.7,0,1,0,2018
11,Miami Dolphins,16,19.9,319,70,"4,432",1,63.3,55,78.6,13,26.1,1,1,0,2018
14,Arizona Cardinals,16,14.1,225,56,"3,534",1,63.1,28,50,27,21.6,0,1,0,2018
15,Baltimore Ravens,16,24.3,389,92,"5,799",1,63,58,63,32,23.3,0,1,0,2018
15,Tennessee Titans,16,19.4,310,72,"4,536",0,63,45,62.5,25,27.8,1,2,0,2018
17,Los Angeles Chargers,16,26.8,428,88,"5,526",0,62.8,27,30.7,61,21.7,0,0,0,2018
18,Atlanta Falcons,16,25.9,414,89,"5,578",0,62.7,51,57.3,36,22.7,0,2,0,2018
18,Pittsburgh Steelers,16,26.8,428,85,"5,328",0,62.7,50,58.8,35,20.8,0,0,0,2018
20,San Francisco 49ers,16,21.4,342,81,"5,065",0,62.5,52,64.2,27,24.5,0,2,0,2018
21,Green Bay Packers,16,23.5,376,84,"5,229",0,62.3,41,48.8,40,25.6,1,3,0,2018
22,New England Patriots,16,27.2,436,93,"5,783",0,62.2,50,53.8,42,24.6,0,0,0,2018
22,Tampa Bay Buccaneers,16,24.8,396,86,"5,349",0,62.2,51,59.3,34,21,0,2,0,2018
24,Indianapolis Colts,16,27.1,433,88,"5,435",0,61.8,59,67,27,22,0,2,0,2018
24,New York Giants,16,23.1,369,85,"5,254",3,61.8,51,60,28,20.4,0,4,1,2018
26,Denver Broncos,16,20.6,329,73,"4,473",1,61.3,42,57.5,28,20.8,0,4,0,2018
26,Oakland Raiders,16,18.1,290,71,"4,350",1,61.3,29,40.8,39,23.6,0,3,0,2018
28,Seattle Seahawks,16,26.8,428,83,"5,082",1,61.2,42,50.6,37,24.8,1,3,0,2018
29,Jacksonville Jaguars,16,15.3,245,64,"3,908",0,61.1,41,64.1,21,17.8,0,2,1,2018
30,Detroit Lions,16,20.2,324,79,"4,797",0,60.7,37,46.8,37,22.6,0,5,1,2018
31,Minnesota Vikings,16,22.5,360,79,"4,791",2,60.6,44,55.7,31,23.3,0,4,0,2018
32,Buffalo Bills,16,16.8,269,66,"3,958",0,60,30,45.5,34,22.2,0,3,0,2018
1,Indianapolis Colts,16,22.6,361,79,"5,101",0,64.6,60,75.9,19,24.7,0,0,0,2019
2,New Orleans Saints,16,28.6,458,95,"6,128",0,64.5,74,77.9,21,27,1,0,0,2019
2,Tampa Bay Buccaneers,16,28.6,458,98,"6,317",1,64.5,88,89.8,9,23,0,1,0,2019
4,Denver Broncos,16,17.6,282,72,"4,634",0,64.4,55,76.4,17,26.8,0,0,0,2019
4,Minnesota Vikings,16,25.4,407,88,"5,664",1,64.4,66,75,21,25.1,0,1,0,2019
6,Green Bay Packers,16,23.5,376,79,"5,068",1,64.2,49,62,29,24.2,0,0,0,2019
7,Arizona Cardinals,16,22.6,361,83,"5,302",2,63.9,45,54.2,36,20.6,0,0,0,2019
7,Los Angeles Rams,16,24.6,394,85,"5,429",3,63.9,65,76.5,17,27.5,0,1,0,2019
9,San Francisco 49ers,16,29.9,479,98,"6,220",1,63.5,49,50,48,21.8,0,0,0,2019
10,Oakland Raiders,16,19.6,313,71,"4,496",0,63.3,38,53.5,33,20.9,0,1,0,2019
11,Pittsburgh Steelers,16,18.1,289,75,"4,735",0,63.1,31,41.3,44,21.5,0,0,0,2019
12,Houston Texans,16,23.6,378,82,"5,164",0,63,42,51.2,39,18.6,0,1,1,2019
13,Kansas City Chiefs,16,28.2,451,98,"6,157",0,62.8,60,61.2,37,19.6,0,1,0,2019
13,New England Patriots,16,26.2,420,92,"5,777",3,62.8,59,64.1,29,20.9,0,2,0,2019
13,New York Giants,16,21.3,341,72,"4,519",2,62.8,50,69.4,20,18.1,0,1,0,2019
13,Seattle Seahawks,16,25.3,405,85,"5,337",0,62.8,59,69.4,24,22.2,0,1,0,2019
17,Baltimore Ravens,16,33.2,531,106,"6,646",0,62.7,57,53.8,48,21.5,1,1,0,2019
18,Philadelphia Eagles,16,24.1,385,81,"5,073",0,62.6,52,64.2,27,23.8,1,2,0,2019
19,Cleveland Browns,16,20.9,335,79,"4,934",2,62.5,30,38,46,20.4,0,2,0,2019
20,Chicago Bears,16,17.5,280,67,"4,166",3,62.2,36,53.7,27,25,0,2,1,2019
20,Washington Redskins,16,16.6,266,68,"4,231",0,62.2,48,70.6,17,25.8,0,3,0,2019
22,Los Angeles Chargers,16,21.1,337,75,"4,647",0,62,36,48,36,24.5,1,3,0,2019
23,Buffalo Bills,16,19.6,314,74,"4,579",0,61.9,42,56.8,30,23,1,2,0,2019
24,Detroit Lions,16,21.3,341,80,"4,938",1,61.7,25,31.3,52,24.7,1,2,1,2019
24,Tennessee Titans,16,25.1,402,78,"4,814",0,61.7,39,50,37,23.7,0,2,0,2019
26,Dallas Cowboys,16,27.1,434,92,"5,656",3,61.5,51,55.4,35,23.3,0,4,0,2019
27,Carolina Panthers,16,21.2,340,76,"4,658",0,61.3,66,86.8,5,20.4,0,5,1,2019
28,Cincinnati Bengals,16,17.4,279,71,"4,308",1,60.7,46,64.8,19,21.1,0,5,1,2019
29,Miami Dolphins,16,19.1,306,73,"4,424",0,60.6,49,67.1,20,27,1,4,1,2019
30,New York Jets,16,17.2,276,68,"4,117",0,60.5,32,47.1,33,19.3,0,3,0,2019
31,Jacksonville Jaguars,16,18.8,300,76,"4,583",0,60.3,39,51.3,32,21.6,0,5,0,2019
32,Atlanta Falcons,16,23.8,381,87,"5,180",4,59.5,47,54,31,22.3,0,7,2,2019
